1rZXlwg5Yv1aNk9joDmG;BRn3x72JQ2DYzOMok418;500
1rZXlwg5Yv1aNk9joDmG;XyeZRGx9YjD4QB80gWlP;5
1rZXlwg5Yv1aNk9joDmG;bAB1E9poQqDbLnakeJj5;5
1rZXlwg5Yv1aNk9joDmG;gGZ2J71yYKMyQMmjbown;100
1rZXlwg5Yv2GYk9joDmG;yav4OK1wNER2YZP7rzJb;2
1rZXlwg5Yv2GYk9joDmG;ZqEegBydNwJ0QkA59J61;8
1rZXlwg5Yv2GYk9joDmG;JZdg5V3PQoD9NEyWq0zl;3
1rZXlwg5YvbkYk9joDmG;Ro31P7kZL6AYveGxXOy5;300
1rZXlwg5YvbkYk9joDmG;brz9RZnWN7aLKAp0Mdle;200
1rZXlwg5YvbkYk9joDmG;ElzPeorXNVlxLaW0kv53;5
1rZXlwg5YvbkYk9joDmG;oZwey82VNAKnLD0dXM3g;5
1rZXlwg5YvbkYk9joDmG;93R0qXalLlDyLAbn8DBg;5
1rZXlwg5YvbkYk9joDmG;1rZXlwg5YvkwLk9joDmG;15
1rZXlwg5YvbkYk9joDmG;XjEaOeBkLayrLlGwxVPq;5
27gw0k38L47EYWevJxyK;jGXBy7a4LbMY0Pw6Vdgl;500
27gw0k38L47EYWevJxyK;zvjoJW96Y8mWL3RaAylw;30
27gw0k38L47EYWevJxyK;j98bO5w1QPvlY3xkREVJ;20
27gw0k38L4jxNWevJxyK;zvjoJW96Y8mWL3RaAylw;6
27gw0k38L4jxNWevJxyK;JVM29l7kQZ0mY80q6WDG;1
27gw0k38L4z9NWevJxyK;BRn3x72JQ2DYzOMok418;500
27gw0k38L4z9NWevJxyK;Ro31P7kZL6r6LveGxXOy;30
27gw0k38L4z9NWevJxyK;P1vlVrzjLrgwQao8mGKM;30
27gw0k38L4z9NWevJxyK;oaJydnOmQWlZNbgRe5ME;7
3Zbym56qLxAyQBRp7Eek;BRn3x72JQ2DYzOMok418;500
3Zbym56qLxAyQBRp7Eek;P1vlVrzjLrgDQao8mGKM;10
3Zbym56qLxAyQBRp7Eek;dgBq1boWYek4QkJ3rXaD;60
3Zbym56qLxAyQBRp7Eek;RVrBKlPdNdOxQWG8xJe9;2
3Zbym56qLxG1YBRp7Eek;BRn3x72JQ2DYzOMok418;500
3Zbym56qLxG1YBRp7Eek;27gw0k38L4qrQWevJxyK;10
3Zbym56qLxG1YBRp7Eek;lrx463VdQgD9N5w1zWKP;15
3Zbym56qLxG1YBRp7Eek;y7Do6jgkY0VjQ8BAdKX0;15
3Zbym56qLxb1NBRp7Eek;XyeZRGx9YjKLB80gWlPa;300
3Zbym56qLxb1NBRp7Eek;Ro31P7kZL6AYveGxXOy5;200
3Zbym56qLxb1NBRp7Eek;7eA59WrBQRlKYzb62qKv;15
3Zbym56qLxb1NBRp7Eek;XyeZRGx9YjD4QB80gWlP;10
3Zbym56qLxb1NBRp7Eek;ZjlPA8v9NMybNEyMe2Oa;20
3Zbym56qLxyEQBRp7Eek;BRn3x72JQ2DYzOMok418;500
3Zbym56qLxyEQBRp7Eek;XyeZRGx9YjD4QB80gWlP;10
3Zbym56qLxyEQBRp7Eek;brz9RZnWN7yBLKAp0Mdl;10
3Zbym56qLxyEQBRp7Eek;RVrBKlPdNdOxQWG8xJe9;5
3Zbym56qLxyEQBRp7Eek;doyA279pNzlRLKRDEWm8;35
3Zbym56qLxzyNBRp7Eek;jGXBy7a4LbMY0Pw6Vdgl;500
3Zbym56qLxzyNBRp7Eek;zvjoJW96Y8mWL3RaAylw;10
3Zbym56qLxzyNBRp7Eek;njoPWKDkLXeAQ06ZOX79;20
3ZvrGV8RQp5BN2wgA5jD;27gw0k38L4qrQWevJxyK;2
3ZvrGV8RQpAmN2wgA5jD;jGXBy7a4LbMY0Pw6Vdgl;500
3ZvrGV8RQpAmN2wgA5jD;P1vlVrzjLrgDQao8mGKM;15
3ZvrGV8RQpAmN2wgA5jD;XyeZRGx9YjD4QB80gWlP;4
3ZvrGV8RQpAmN2wgA5jD;Ro31P7kZL6r6LveGxXOy;30
3ZvrGV8RQpAmN2wgA5jD;0kK49j1VN9mxNq6B2doa;1
3ZvrGV8RQpMyN2wgA5jD;DBngxedVYJqlNX64wW8o;23
3ZvrGV8RQpMyN2wgA5jD;q9pwa0kxLBnVLgVj136l;1
3ZvrGV8RQpX8Q2wgA5jD;BRn3x72JQ2DYzOMok418;500
3ZvrGV8RQpX8Q2wgA5jD;Z6aDoyRnLy2yQpV5AGXm;15
3ZvrGV8RQpX8Q2wgA5jD;y7Do6jgkY01jL8BAdKX0;20
3ZvrGV8RQpw8L2wgA5jD;y7Do6jgkY0zQ8BAdKX0E;500
3ZvrGV8RQpw8L2wgA5jD;O2xMjGdBN5M6N9P1nyrv;6
3ZvrGV8RQpw8L2wgA5jD;BRn3x72JQ26lQzOMok41;10
3ZvrGV8RQpzmY2wgA5jD;jGXBy7a4LbMY0Pw6Vdgl;500
3ZvrGV8RQpzmY2wgA5jD;B2WEpv54NmORLj1xJrXk;4
3yE1A84kYOa6Ql6XeVKp;jGXBy7a4LbMY0Pw6Vdgl;500
3yE1A84kYOa6Ql6XeVKp;XyeZRGx9YjD4QB80gWlP;12
3yE1A84kYOa6Ql6XeVKp;Ro31P7kZL6r6LveGxXOy;10
3yE1A84kYOdDLl6XeVKp;jGXBy7a4LbMY0Pw6Vdgl;500
3yE1A84kYOdDLl6XeVKp;Ro31P7kZL6r6LveGxXOy;5
3yE1A84kYOdDLl6XeVKp;27gw0k38L4qZQWevJxyK;5
3yE1A84kYOdDLl6XeVKp;q9pwa0kxLBVpLgVj136l;40
3yE1A84kYOdDLl6XeVKp;BPjze3x2Q31OYR85vgZV;5
3yE1A84kYOqxQl6XeVKp;jGXBy7a4LbMY0Pw6Vdgl;500
3yE1A84kYOqxQl6XeVKp;P1vlVrzjLrgDQao8mGKM;30
3yE1A84kYOqxQl6XeVKp;3Zbym56qLxg5YBRp7Eek;20
6leApVoENkA2L7nRPy2D;jGXBy7a4LbMY0Pw6Vdgl;500
6leApVoENkA2L7nRPy2D;gGZ2J71yYKMyQMmjbown;10
6leApVoENkA2L7nRPy2D;JVM29l7kQZW5N80q6WDG;10
6leApVoENkVRQ7nRPy2D;ZqEegBydNwJ0QkA59J61;35
6leApVoENkVRQ7nRPy2D;q9pwa0kxLBnVLgVj136l;1
6leApVoENkXoY7nRPy2D;jGXBy7a4LbMY0Pw6Vdgl;500
6leApVoENkXoY7nRPy2D;Z6aDoyRnLy2yQpV5AGXm;10
6leApVoENkXoY7nRPy2D;XyeZRGx9YjD4QB80gWlP;8
6leApVoENkqZL7nRPy2D;3yE1A84kYOl3Ll6XeVKp;4
6leApVoENkqZL7nRPy2D;DBngxedVYJqlNX64wW8o;8
6leApVoENkqZL7nRPy2D;oaJydnOmQWlZNbgRe5ME;1
7eA59WrBQR3JNzb62qKv;7eA59WrBQRlKYzb62qKv;4
7eA59WrBQR3JNzb62qKv;P1vlVrzjLrgwQao8mGKM;3
7eA59WrBQR3JNzb62qKv;93R0qXalLlDyLAbn8DBg;1
7eA59WrBQRArLzb62qKv;BRn3x72JQ2DYzOMok418;500
7eA59WrBQRArLzb62qKv;ZjlPA8v9NMybNEyMe2Oa;25
7eA59WrBQRArLzb62qKv;P1vlVrzjLrgwQao8mGKM;40
7eA59WrBQRArLzb62qKv;XjEaOeBkLayrLlGwxVPq;40
7eA59WrBQREjLzb62qKv;gGZ2J71yYK9QMmjbown5;900
7eA59WrBQREjLzb62qKv;Ro31P7kZL6r6LveGxXOy;20
7eA59WrBQREjLzb62qKv;PjVDJez3LD6zNKWO08Ga;15
7eA59WrBQRErLzb62qKv;3yE1A84kYOwYl6XeVKpD;500
7eA59WrBQRErLzb62qKv;Z6aDoyRnLy2yQpV5AGXm;20
7eA59WrBQRErLzb62qKv;3yE1A84kYOl3Ll6XeVKp;45
7eA59WrBQRKjNzb62qKv;jGXBy7a4LbMY0Pw6Vdgl;500
7eA59WrBQRKjNzb62qKv;93R0qXalLlDyLAbn8DBg;3
7eA59WrBQRKjNzb62qKv;PjVDJez3LD6zNKWO08Ga;2
7eA59WrBQRqpLzb62qKv;jGXBy7a4LbWzQ0Pw6Vdg;20
7eA59WrBQRqpLzb62qKv;q9pwa0kxLBnVLgVj136l;1
7eA59WrBQRqyLzb62qKv;brz9RZnWN7yBLKAp0Mdl;20
7eA59WrBQRqyLzb62qKv;ZqEegBydNwJ0QkA59J61;50
7eA59WrBQRqyLzb62qKv;q9pwa0kxLBnVLgVj136l;1
93R0qXalLlMdQAbn8DBg;Z6aDoyRnLy2yQpV5AGXm;5
93R0qXalLlMdQAbn8DBg;JZdg5V3PQoD9NEyWq0zl;3
93R0qXalLlMdQAbn8DBg;JVM29l7kQZW5N80q6WDG;1
93R0qXalLlXxLAbn8DBg;gGZ2J71yYK9QMmjbown5;500
93R0qXalLlXxLAbn8DBg;ZjlPA8v9NMybNEyMe2Oa;15
93R0qXalLlXxLAbn8DBg;gGZ2J71yYKMyQMmjbown;50
93R0qXalLlXxLAbn8DBg;q9pwa0kxLBVpLgVj136l;15
93R0qXalLlXxLAbn8DBg;B2WEpv54NmORLj1xJrXk;5
B2WEpv54Nm6xYj1xJrXk;3Zbym56qLxg5YBRp7Eek;7
B2WEpv54Nm6xYj1xJrXk;q9pwa0kxLBnVLgVj136l;1
B2WEpv54NmrKYj1xJrXk;O2xMjGdBN5M6N9P1nyrv;1
B2WEpv54NmrKYj1xJrXk;oZwey82VNAKnLD0dXM3g;2
B2WEpv54NmrKYj1xJrXk;JZdg5V3PQoD9NEyWq0zl;4
BPjze3x2Q3ogQR85vgZV;O2xMjGdBN5M6N9P1nyrv;2
BPjze3x2Q3ogQR85vgZV;q9pwa0kxLBnVLgVj136l;1
BRn3x72JQ2MJLzOMok41;jGXBy7a4LbMY0Pw6Vdgl;500
BRn3x72JQ2MJLzOMok41;Ro31P7kZL6r6LveGxXOy;40
BRn3x72JQ2MJLzOMok41;brz9RZnWN7yBLKAp0Mdl;15
BRn3x72JQ2MJLzOMok41;gGZ2J71yYKMyQMmjbown;15
BRn3x72JQ2qXLzOMok41;jGXBy7a4LbMY0Pw6Vdgl;500
BRn3x72JQ2qXLzOMok41;gGZ2J71yYKMyQMmjbown;5
BRn3x72JQ2qXLzOMok41;yav4OK1wNER2YZP7rzJb;45
BRn3x72JQ2qXLzOMok41;zvjoJW96Y8mWL3RaAylw;10
BRn3x72JQ2xrYzOMok41;jGXBy7a4LbMY0Pw6Vdgl;500
BRn3x72JQ2xrYzOMok41;bAB1E9poQqDbLnakeJj5;30
BRn3x72JQ2xrYzOMok41;JZdg5V3PQoD9NEyWq0zl;25
DBngxedVYJJqYX64wW8o;jGXBy7a4LbWzQ0Pw6Vdg;10
DBngxedVYJJqYX64wW8o;gGZ2J71yYKMyQMmjbown;48
DBngxedVYJJqYX64wW8o;y7Do6jgkY01jL8BAdKX0;8
DBngxedVYJREYX64wW8o;jGXBy7a4LbMY0Pw6Vdgl;500
DBngxedVYJREYX64wW8o;y7Do6jgkY0VjQ8BAdKX0;20
DBngxedVYJREYX64wW8o;jGXBy7a4LbWzQ0Pw6Vdg;50
DBngxedVYJa0NX64wW8o;jGXBy7a4LbMY0Pw6Vdgl;500
DBngxedVYJa0NX64wW8o;bAB1E9poQqDbLnakeJj5;40
DBngxedVYJa0NX64wW8o;BRn3x72JQ26lQzOMok41;50
EWGwnXPlY178QJqekZ2R;jGXBy7a4LbMY0Pw6Vdgl;500
EWGwnXPlY178QJqekZ2R;O2xMjGdBN5MqN9P1nyrv;10
EWGwnXPlY178QJqekZ2R;JVM29l7kQZW5N80q6WDG;10
EWGwnXPlY1qAYJqekZ2R;jGXBy7a4LbMY0Pw6Vdgl;500
EWGwnXPlY1qAYJqekZ2R;27gw0k38L4qrQWevJxyK;3
EWGwnXPlY1qAYJqekZ2R;Ro31P7kZL6r6LveGxXOy;4
EWGwnXPlY1qAYJqekZ2R;3yE1A84kYOl3Ll6XeVKp;10
EWGwnXPlY1qAYJqekZ2R;JZdg5V3PQoD9NEyWq0zl;30
EWGwnXPlY1xyNJqekZ2R;BRn3x72JQ26lQzOMok41;38
EWGwnXPlY1xyNJqekZ2R;q9pwa0kxLBnVLgVj136l;1
ElzPeorXNV3BYaW0kv53;7eA59WrBQRlKYzb62qKv;4
ElzPeorXNV3BYaW0kv53;BRn3x72JQ26lQzOMok41;8
ElzPeorXNV3BYaW0kv53;0kK49j1VN9mxNq6B2doa;1
ElzPeorXNV4jLaW0kv53;ZqEegBydNwJ0QkA59J61;12
ElzPeorXNV4jLaW0kv53;oZwey82VNAKnLD0dXM3g;6
ElzPeorXNV4jLaW0kv53;JVM29l7kQZ0mY80q6WDG;1
ElzPeorXNV4pLaW0kv53;3Zbym56qLxg5YBRp7Eek;22
ElzPeorXNV4pLaW0kv53;XjEaOeBkLayrLlGwxVPq;25
ElzPeorXNV4pLaW0kv53;q9pwa0kxLBnVLgVj136l;1
ElzPeorXNVK8YaW0kv53;jGXBy7a4LbMY0Pw6Vdgl;500
ElzPeorXNVK8YaW0kv53;Ro31P7kZL6r6LveGxXOy;4
ElzPeorXNVK8YaW0kv53;PjVDJez3LD6zNKWO08Ga;4
ElzPeorXNVK8YaW0kv53;y7Do6jgkY01jL8BAdKX0;5
ElzPeorXNVZ3NaW0kv53;3yE1A84kYOwYl6XeVKpD;500
ElzPeorXNVZ3NaW0kv53;y7Do6jgkY0VjQ8BAdKX0;15
ElzPeorXNVZ3NaW0kv53;93R0qXalLlDyLAbn8DBg;4
ElzPeorXNVp3LaW0kv53;BRn3x72JQ2DYzOMok418;500
ElzPeorXNVp3LaW0kv53;XyeZRGx9YjD4QB80gWlP;15
ElzPeorXNVp3LaW0kv53;Z6aDoyRnLy26QpV5AGXm;20
JVM29l7kQZ2KQ80q6WDG;gGZ2J71yYK9QMmjbown5;500
JVM29l7kQZ2KQ80q6WDG;XyeZRGx9YjD4QB80gWlP;12
JVM29l7kQZ2KQ80q6WDG;ZjlPA8v9NMybNEyMe2Oa;15
JVM29l7kQZ2KQ80q6WDG;1rZXlwg5YvkwLk9joDmG;60
JVM29l7kQZ2KQ80q6WDG;RVrBKlPdNdOxQWG8xJe9;1
JVM29l7kQZ3MN80q6WDG;Z6aDoyRnLy2yQpV5AGXm;5
JVM29l7kQZ6mQ80q6WDG;gGZ2J71yYK9QMmjbown5;500
JVM29l7kQZ6mQ80q6WDG;Z6aDoyRnLy26QpV5AGXm;30
JVM29l7kQZ6mQ80q6WDG;DBngxedVYJqlNX64wW8o;20
JVM29l7kQZ6mQ80q6WDG;1rZXlwg5YvkwLk9joDmG;20
JVM29l7kQZ6mQ80q6WDG;Rv5g4z1dQnEGLqy32jpG;30
JVM29l7kQZDmY80q6WDG;XyeZRGx9YjKLB80gWlPa;300
JVM29l7kQZDmY80q6WDG;Ro31P7kZL6AYveGxXOy5;200
JVM29l7kQZDmY80q6WDG;brz9RZnWN7yBLKAp0Mdl;5
JVM29l7kQZDmY80q6WDG;27gw0k38L4qZQWevJxyK;5
JVM29l7kQZDmY80q6WDG;O2xMjGdBN5M6N9P1nyrv;2
JVM29l7kQZDmY80q6WDG;oaJydnOmQWlZNbgRe5ME;6
JVM29l7kQZxeY80q6WDG;gGZ2J71yYK9QMmjbown5;500
JVM29l7kQZxeY80q6WDG;JVM29l7kQZW5N80q6WDG;12
JVM29l7kQZxeY80q6WDG;zvjoJW96Y8mWL3RaAylw;30
JZdg5V3PQo4vNEyWq0zl;7eA59WrBQRpYzb62qKvp;20
JZdg5V3PQo4vNEyWq0zl;ZjlPA8v9NMyyNEyMe2Oa;3
JZdg5V3PQo4vNEyWq0zl;P1vlVrzjLrgwQao8mGKM;6
JZdg5V3PQobyLEyWq0zl;XyeZRGx9YjKLB80gWlPa;300
JZdg5V3PQobyLEyWq0zl;Ro31P7kZL6AYveGxXOy5;200
JZdg5V3PQobyLEyWq0zl;JZdg5V3PQoD9NEyWq0zl;12
JZdg5V3PQobyLEyWq0zl;JVM29l7kQZW5N80q6WDG;15
JZdg5V3PQobyLEyWq0zl;njoPWKDkLXeAQ06ZOX79;10
JZdg5V3PQoerYEyWq0zl;BRn3x72JQ2DYzOMok418;500
JZdg5V3PQoerYEyWq0zl;BPjze3x2Q31OYR85vgZV;65
JZdg5V3PQoerYEyWq0zl;EWGwnXPlY111YJqekZ2R;75
JZdg5V3PQoz1LEyWq0zl;jGXBy7a4LbMY0Pw6Vdgl;500
JZdg5V3PQoz1LEyWq0zl;P1vlVrzjLrgDQao8mGKM;60
O2xMjGdBN56MY9P1nyrv;O2xMjGdBN5M6N9P1nyrv;3
O2xMjGdBN56MY9P1nyrv;DBngxedVYJqlNX64wW8o;35
O2xMjGdBN56MY9P1nyrv;q9pwa0kxLBnVLgVj136l;1
O2xMjGdBN5E2N9P1nyrv;BRn3x72JQ2DYzOMok418;500
O2xMjGdBN5E2N9P1nyrv;dgBq1boWYek4QkJ3rXaD;30
O2xMjGdBN5E2N9P1nyrv;bAB1E9poQqDbLnakeJj5;12
O2xMjGdBN5E2N9P1nyrv;BRn3x72JQ26lQzOMok41;50
O2xMjGdBN5E2N9P1nyrv;j98bO5w1QPvlY3xkREVJ;15
P1vlVrzjLr89Nao8mGKM;ZjlPA8v9NMybNEyMe2Oa;14
P1vlVrzjLr89Nao8mGKM;P1vlVrzjLrgwQao8mGKM;60
P1vlVrzjLr89Nao8mGKM;93R0qXalLl9xQAbn8DBg;1
P1vlVrzjLr8RNao8mGKM;O2xMjGdBN5MqN9P1nyrv;9
P1vlVrzjLr8RNao8mGKM;q9pwa0kxLBnVLgVj136l;1
P1vlVrzjLrdbNao8mGKM;jGXBy7a4LbMY0Pw6Vdgl;500
P1vlVrzjLrdbNao8mGKM;y7Do6jgkY0VjQ8BAdKX0;20
P1vlVrzjLrdbNao8mGKM;93R0qXalLlDyLAbn8DBg;8
PjVDJez3LDPJLKWO08Ga;BRn3x72JQ2DYzOMok418;500
PjVDJez3LDPJLKWO08Ga;93R0qXalLlDyLAbn8DBg;5
PjVDJez3LDPJLKWO08Ga;RVrBKlPdNdOxQWG8xJe9;10
RVrBKlPdNd3yQWG8xJe9;oaJydnOmQWlZNbgRe5ME;1
RVrBKlPdNd3yQWG8xJe9;oZwey82VNAKnLD0dXM3g;2
RVrBKlPdNd3yQWG8xJe9;JZdg5V3PQoD9NEyWq0zl;4
RVrBKlPdNdpVNWG8xJe9;gGZ2J71yYKMyQMmjbown;18
RVrBKlPdNdpVNWG8xJe9;JZdg5V3PQoXyNEyWq0zl;1
Ro31P7kZL675QveGxXOy;3Zbym56qLxg5YBRp7Eek;40
Ro31P7kZL675QveGxXOy;njoPWKDkLXeAQ06ZOX79;25
Ro31P7kZL675QveGxXOy;q9pwa0kxLBnVLgVj136l;1
Ro31P7kZL67AQveGxXOy;27gw0k38L4qZQWevJxyK;3
Ro31P7kZL67AQveGxXOy;BRn3x72JQ26lQzOMok41;20
Ro31P7kZL67AQveGxXOy;JVM29l7kQZ0mY80q6WDG;1
Ro31P7kZL6EoYveGxXOy;jGXBy7a4LbMY0Pw6Vdgl;500
Ro31P7kZL6EoYveGxXOy;27gw0k38L4qrQWevJxyK;5
Ro31P7kZL6EoYveGxXOy;JZdg5V3PQoD9NEyWq0zl;30
Ro31P7kZL6MJYveGxXOy;DBngxedVYJPQX64wW8oa;500
Ro31P7kZL6MJYveGxXOy;3yE1A84kYOl3Ll6XeVKp;12
Ro31P7kZL6MJYveGxXOy;PjVDJez3LD6zNKWO08Ga;8
Ro31P7kZL6aoYveGxXOy;BRn3x72JQ2DYzOMok418;500
Ro31P7kZL6aoYveGxXOy;27gw0k38L4qrQWevJxyK;15
Ro31P7kZL6aoYveGxXOy;XyeZRGx9YjD4QB80gWlP;10
Ro31P7kZL6aoYveGxXOy;27gw0k38L4qZQWevJxyK;5
Ro31P7kZL6aoYveGxXOy;j98bO5w1QPvlY3xkREVJ;5
Rv5g4z1dQnXKYqy32jpG;jGXBy7a4LbMY0Pw6Vdgl;500
Rv5g4z1dQnXKYqy32jpG;XyeZRGx9YjD4QB80gWlP;8
Rv5g4z1dQnXKYqy32jpG;93R0qXalLlDyLAbn8DBg;3
Rv5g4z1dQnm6Lqy32jpG;jGXBy7a4LbMY0Pw6Vdgl;500
Rv5g4z1dQnm6Lqy32jpG;27gw0k38L4qrQWevJxyK;5
Rv5g4z1dQnm6Lqy32jpG;O2xMjGdBN5MqN9P1nyrv;10
Rv5g4z1dQnm6Lqy32jpG;njoPWKDkLXeAQ06ZOX79;15
Rv5g4z1dQnp9Yqy32jpG;7eA59WrBQRlKYzb62qKv;8
Rv5g4z1dQnp9Yqy32jpG;q9pwa0kxLBnVLgVj136l;1
XjEaOeBkLa3ONlGwxVPq;P1vlVrzjLrgwQao8mGKM;6
XjEaOeBkLa3ONlGwxVPq;Z6aDoyRnLy26QpV5AGXm;3
XjEaOeBkLakMNlGwxVPq;27gw0k38L4qrQWevJxyK;5
XjEaOeBkLakMNlGwxVPq;q9pwa0kxLBnVLgVj136l;1
XyeZRGx9Yj2nYB80gWlP;DBngxedVYJPQX64wW8oa;500
XyeZRGx9Yj2nYB80gWlP;27gw0k38L4qrQWevJxyK;8
XyeZRGx9Yj2nYB80gWlP;dgBq1boWYek4QkJ3rXaD;15
XyeZRGx9Yj2nYB80gWlP;ElzPeorXNVlxLaW0kv53;15
XyeZRGx9Yj7PLB80gWlP;BRn3x72JQ26lQzOMok41;8
XyeZRGx9Yj7PLB80gWlP;0kK49j1VN9mxNq6B2doa;1
XyeZRGx9Yj7PLB80gWlP;BPjze3x2Q31OYR85vgZV;5
XyeZRGx9YjJ1YB80gWlP;BRn3x72JQ2DYzOMok418;500
XyeZRGx9YjJ1YB80gWlP;O2xMjGdBN5MqN9P1nyrv;20
XyeZRGx9YjJ1YB80gWlP;Ro31P7kZL6r6LveGxXOy;64
XyeZRGx9YjJ1YB80gWlP;brz9RZnWN7yBLKAp0Mdl;15
XyeZRGx9YjP2QB80gWlP;O2xMjGdBN5MqN9P1nyrv;7
XyeZRGx9YjP2QB80gWlP;zvjoJW96Y8mWL3RaAylw;7
XyeZRGx9YjP2QB80gWlP;93R0qXalLl9xQAbn8DBg;1
XyeZRGx9YjPKQB80gWlP;BPjze3x2Q31OYR85vgZV;8
XyeZRGx9YjPKQB80gWlP;q9pwa0kxLBnVLgVj136l;1
XyeZRGx9YjXnQB80gWlP;BRn3x72JQ2DYzOMok418;500
XyeZRGx9YjXnQB80gWlP;ZjlPA8v9NMyyNEyMe2Oa;30
XyeZRGx9YjXnQB80gWlP;dgBq1boWYek4QkJ3rXaD;30
XyeZRGx9YjZ1YB80gWlP;jGXBy7a4LbMY0Pw6Vdgl;500
XyeZRGx9YjZ1YB80gWlP;O2xMjGdBN5M6N9P1nyrv;3
XyeZRGx9YjZ1YB80gWlP;3yE1A84kYOl3Ll6XeVKp;30
Z6aDoyRnLy4oYpV5AGXm;BRn3x72JQ2DYzOMok418;500
Z6aDoyRnLy4oYpV5AGXm;BRn3x72JQ26lQzOMok41;50
Z6aDoyRnLy4oYpV5AGXm;yav4OK1wNER2YZP7rzJb;5
Z6aDoyRnLy4oYpV5AGXm;oaJydnOmQWlZNbgRe5ME;6
Z6aDoyRnLy4oYpV5AGXm;oZwey82VNAKnLD0dXM3g;5
Z6aDoyRnLy8kYpV5AGXm;dgBq1boWYek4QkJ3rXaD;8
Z6aDoyRnLy8kYpV5AGXm;q9pwa0kxLBnVLgVj136l;1
Z6aDoyRnLylJYpV5AGXm;jGXBy7a4LbMY0Pw6Vdgl;500
Z6aDoyRnLylJYpV5AGXm;0kK49j1VN9mxNq6B2doa;7
ZjlPA8v9NMEpNEyMe2Oa;jGXBy7a4LbMY0Pw6Vdgl;500
ZjlPA8v9NMEpNEyMe2Oa;P1vlVrzjLrgDQao8mGKM;40
ZjlPA8v9NMEpNEyMe2Oa;bAB1E9poQqDbLnakeJj5;50
ZjlPA8v9NMRXYEyMe2Oa;P1vlVrzjLrgwQao8mGKM;12
ZjlPA8v9NMRXYEyMe2Oa;Z6aDoyRnLy26QpV5AGXm;19
ZjlPA8v9NMRXYEyMe2Oa;q9pwa0kxLBnVLgVj136l;1
ZjlPA8v9NMRnYEyMe2Oa;doyA279pNzlRLKRDEWm8;35
ZjlPA8v9NMRnYEyMe2Oa;dgBq1boWYem4YkJ3rXaD;15
ZjlPA8v9NMRnYEyMe2Oa;q9pwa0kxLBnVLgVj136l;1
ZjlPA8v9NMxmQEyMe2Oa;jGXBy7a4LbMY0Pw6Vdgl;500
ZjlPA8v9NMxmQEyMe2Oa;93R0qXalLlDyLAbn8DBg;5
ZjlPA8v9NMxmQEyMe2Oa;B2WEpv54NmORLj1xJrXk;4
ZqEegBydNwpzYkA59J61;BRn3x72JQ2DYzOMok418;500
ZqEegBydNwpzYkA59J61;27gw0k38L4qrQWevJxyK;20
ZqEegBydNwpzYkA59J61;ZqEegBydNwJ0QkA59J61;25
ZqEegBydNwvoQkA59J61;XyeZRGx9YjKLB80gWlPa;300
ZqEegBydNwvoQkA59J61;Ro31P7kZL6AYveGxXOy5;150
ZqEegBydNwvoQkA59J61;y7Do6jgkY0VjQ8BAdKX0;20
ZqEegBydNwvoQkA59J61;DBngxedVYJqlNX64wW8o;25
ZqEegBydNwvoQkA59J61;BRn3x72JQ26lQzOMok41;15
ZqEegBydNwvoQkA59J61;ZqEegBydNwJ0QkA59J61;20
ZqEegBydNwzzQkA59J61;jGXBy7a4LbMY0Pw6Vdgl;500
ZqEegBydNwzzQkA59J61;P1vlVrzjLrgDQao8mGKM;20
ZqEegBydNwzzQkA59J61;brz9RZnWN7yBLKAp0Mdl;14
ZqEegBydNwzzQkA59J61;JZdg5V3PQoD9NEyWq0zl;10
bAB1E9poQq8VLnakeJj5;Z6aDoyRnLy26QpV5AGXm;15
bAB1E9poQq8VLnakeJj5;j98bO5w1QPvlY3xkREVJ;7
bAB1E9poQq8VLnakeJj5;q9pwa0kxLBnVLgVj136l;1
bAB1E9poQq8kLnakeJj5;P1vlVrzjLrgwQao8mGKM;12
bAB1E9poQq8kLnakeJj5;O2xMjGdBN5M6N9P1nyrv;1
bAB1E9poQq8kLnakeJj5;q9pwa0kxLBnVLgVj136l;1
bAB1E9poQqn0NnakeJj5;gGZ2J71yYK9QMmjbown5;500
bAB1E9poQqn0NnakeJj5;O2xMjGdBN5MqN9P1nyrv;40
bAB1E9poQqn0NnakeJj5;oZwey82VNAKnLD0dXM3g;5
bAB1E9poQqn0NnakeJj5;q9pwa0kxLBVpLgVj136l;10
bAB1E9poQqx0LnakeJj5;jGXBy7a4LbMY0Pw6Vdgl;15
bAB1E9poQqx0LnakeJj5;ZjlPA8v9NMybNEyMe2Oa;60
bAB1E9poQqx0LnakeJj5;q9pwa0kxLBVpLgVj136l;25
brz9RZnWN759LKAp0Mdl;BRn3x72JQ2DYzOMok418;500
brz9RZnWN759LKAp0Mdl;lrx463VdQgD9N5w1zWKP;10
brz9RZnWN759LKAp0Mdl;DBngxedVYJqlNX64wW8o;20
brz9RZnWN759LKAp0Mdl;JZdg5V3PQoD9NEyWq0zl;50
brz9RZnWN759LKAp0Mdl;j98bO5w1QPvlY3xkREVJ;5
brz9RZnWN7qDLKAp0Mdl;bAB1E9poQqDbLnakeJj5;15
brz9RZnWN7qDLKAp0Mdl;27gw0k38L4qZQWevJxyK;15
brz9RZnWN7qDLKAp0Mdl;q9pwa0kxLBnVLgVj136l;1
brz9RZnWN7qaLKAp0Mdl;O2xMjGdBN5M6N9P1nyrv;1
brz9RZnWN7qaLKAp0Mdl;q9pwa0kxLBVpLgVj136l;4
brz9RZnWN7qaLKAp0Mdl;JVM29l7kQZ0mY80q6WDG;1
brz9RZnWN7r9QKAp0Mdl;jGXBy7a4LbMY0Pw6Vdgl;500
brz9RZnWN7r9QKAp0Mdl;XjEaOeBkLayrLlGwxVPq;30
brz9RZnWN7r9QKAp0Mdl;njoPWKDkLXeAQ06ZOX79;35
dgBq1boWYe1lYkJ3rXaD;BRn3x72JQ2DYzOMok418;500
dgBq1boWYe1lYkJ3rXaD;dgBq1boWYem4YkJ3rXaD;30
dgBq1boWYe1lYkJ3rXaD;7eA59WrBQRvKQzb62qKv;15
dgBq1boWYe4wNkJ3rXaD;jGXBy7a4LbMY0Pw6Vdgl;500
dgBq1boWYe4wNkJ3rXaD;3yE1A84kYOl3Ll6XeVKp;15
dgBq1boWYe4wNkJ3rXaD;XjEaOeBkLayrLlGwxVPq;100
dgBq1boWYe4wNkJ3rXaD;doyA279pNzlRLKRDEWm8;36
dgBq1boWYe8wNkJ3rXaD;jGXBy7a4LbMY0Pw6Vdgl;500
dgBq1boWYe8wNkJ3rXaD;njoPWKDkLXeAQ06ZOX79;25
dgBq1boWYeA9YkJ3rXaD;3yE1A84kYOwYl6XeVKpD;500
dgBq1boWYeA9YkJ3rXaD;27gw0k38L4qrQWevJxyK;10
dgBq1boWYeA9YkJ3rXaD;P1vlVrzjLrgwQao8mGKM;30
dgBq1boWYeAwYkJ3rXaD;BRn3x72JQ2DYzOMok418;900
dgBq1boWYeAwYkJ3rXaD;oaJydnOmQWlZNbgRe5ME;10
dgBq1boWYeAwYkJ3rXaD;mK5jqPopYGM2QrOzDRGV;70
dgBq1boWYeAwYkJ3rXaD;3ZvrGV8RQpGwL2wgA5jD;70
dgBq1boWYeX9NkJ3rXaD;BRn3x72JQ2DYzOMok418;500
dgBq1boWYeX9NkJ3rXaD;jGXBy7a4LbWzQ0Pw6Vdg;30
dgBq1boWYeX9NkJ3rXaD;oZwey82VNAKnLD0dXM3g;11
dgBq1boWYeZ0LkJ3rXaD;3yE1A84kYOl3Ll6XeVKp;12
dgBq1boWYeZ0LkJ3rXaD;q9pwa0kxLBnVLgVj136l;1
dgBq1boWYeZmLkJ3rXaD;XyeZRGx9YjD4QB80gWlP;6
dgBq1boWYeZmLkJ3rXaD;y7Do6jgkY0VjQ8BAdKX0;6
dgBq1boWYeZmLkJ3rXaD;q9pwa0kxLBnVLgVj136l;1
dgBq1boWYeerYkJ3rXaD;27gw0k38L4qrQWevJxyK;2
dgBq1boWYeerYkJ3rXaD;P1vlVrzjLrgwQao8mGKM;3
dgBq1boWYeerYkJ3rXaD;93R0qXalLlDyLAbn8DBg;1
doyA279pNz20NKRDEWm8;yav4OK1wNER2YZP7rzJb;12
doyA279pNz20NKRDEWm8;q9pwa0kxLBnVLgVj136l;1
doyA279pNzDjLKRDEWm8;jGXBy7a4LbMY0Pw6Vdgl;500
doyA279pNzDjLKRDEWm8;ZjlPA8v9NMyyNEyMe2Oa;25
doyA279pNzDjLKRDEWm8;gGZ2J71yYKMyQMmjbown;15
doyA279pNzGxYKRDEWm8;jGXBy7a4LbMY0Pw6Vdgl;500
doyA279pNzGxYKRDEWm8;Z6aDoyRnLy26QpV5AGXm;5
doyA279pNzGxYKRDEWm8;93R0qXalLlDyLAbn8DBg;2
doyA279pNzGxYKRDEWm8;1rZXlwg5YvkwLk9joDmG;3
doyA279pNzGxYKRDEWm8;PjVDJez3LD6zNKWO08Ga;2
doyA279pNzw5YKRDEWm8;O2xMjGdBN5MqN9P1nyrv;3
doyA279pNzw5YKRDEWm8;XyeZRGx9YjD4QB80gWlP;3
doyA279pNzw5YKRDEWm8;3yE1A84kYOl3Ll6XeVKp;4
doyA279pNzw5YKRDEWm8;DBngxedVYJqlNX64wW8o;8
gGZ2J71yYK9xQMmjbown;jGXBy7a4LbMY0Pw6Vdgl;500
gGZ2J71yYK9xQMmjbown;ElzPeorXNVlxLaW0kv53;40
gGZ2J71yYK9xQMmjbown;y7Do6jgkY0VjQ8BAdKX0;10
gGZ2J71yYKEpQMmjbown;P1vlVrzjLrZ9Lao8mGKM;75
gGZ2J71yYKEpQMmjbown;27gw0k38L4pwLWevJxyK;45
gGZ2J71yYKEpQMmjbown;O2xMjGdBN51PN9P1nyrv;25
gGZ2J71yYKEpQMmjbown;7eA59WrBQRXJYzb62qKv;25
gGZ2J71yYKEpQMmjbown;zvjoJW96Y8mWL3RaAylw;50
gGZ2J71yYKEpQMmjbown;0kK49j1VN9mxNq6B2doa;10
gGZ2J71yYKEpQMmjbown;XyeZRGx9YjW4LB80gWlP;3
gGZ2J71yYKapQMmjbown;jGXBy7a4LbMY0Pw6Vdgl;500
gGZ2J71yYKapQMmjbown;jGXBy7a4LbWzQ0Pw6Vdg;50
gGZ2J71yYKapQMmjbown;yav4OK1wNER2YZP7rzJb;20
gGZ2J71yYKd4LMmjbown;7eA59WrBQRpYzb62qKvp;200
gGZ2J71yYKd4LMmjbown;ElzPeorXNVjNaW0kv53J;200
gGZ2J71yYKd4LMmjbown;ZjlPA8v9NMyyNEyMe2Oa;20
gGZ2J71yYKd4LMmjbown;P1vlVrzjLrgDQao8mGKM;10
gGZ2J71yYKd4LMmjbown;Z6aDoyRnLy26QpV5AGXm;10
gGZ2J71yYKp4LMmjbown;BRn3x72JQ2DYzOMok418;500
gGZ2J71yYKp4LMmjbown;XyeZRGx9YjD4QB80gWlP;10
gGZ2J71yYKp4LMmjbown;lrx463VdQgD9N5w1zWKP;35
j98bO5w1QP2BY3xkREVJ;jGXBy7a4LbMY0Pw6Vdgl;500
j98bO5w1QP2BY3xkREVJ;BRn3x72JQ26lQzOMok41;50
j98bO5w1QP2BY3xkREVJ;yav4OK1wNER2YZP7rzJb;30
j98bO5w1QP3PL3xkREVJ;O2xMjGdBN5MqN9P1nyrv;3
j98bO5w1QP3PL3xkREVJ;dgBq1boWYek4QkJ3rXaD;4
j98bO5w1QP3PL3xkREVJ;XyeZRGx9YjD4QB80gWlP;3
j98bO5w1QP3PL3xkREVJ;y7Do6jgkY01jL8BAdKX0;5
j98bO5w1QPmjN3xkREVJ;7eA59WrBQRpYzb62qKvp;5
j98bO5w1QPmjN3xkREVJ;brz9RZnWN7aLKAp0Mdle;20
j98bO5w1QPmjN3xkREVJ;JZdg5V3PQoXyNEyWq0zl;1
j98bO5w1QPwEL3xkREVJ;jGXBy7a4LbMY0Pw6Vdgl;500
j98bO5w1QPwEL3xkREVJ;P1vlVrzjLrgDQao8mGKM;30
j98bO5w1QPwEL3xkREVJ;ZqEegBydNwJ0QkA59J61;15
jGXBy7a4LbM4Y0Pw6Vdg;jGXBy7a4LbMY0Pw6Vdgl;500
jGXBy7a4LbM4Y0Pw6Vdg;RVrBKlPdNdOxQWG8xJe9;9
jGXBy7a4LbP7N0Pw6Vdg;jGXBy7a4LbMY0Pw6Vdgl;500
jGXBy7a4LbP7N0Pw6Vdg;bAB1E9poQqDbLnakeJj5;25
jGXBy7a4LbP7N0Pw6Vdg;JVM29l7kQZW5N80q6WDG;10
jGXBy7a4Lbg1Q0Pw6Vdg;jGXBy7a4LbMY0Pw6Vdgl;500
jGXBy7a4Lbg1Q0Pw6Vdg;oaJydnOmQWlZNbgRe5ME;5
jGXBy7a4Lbg1Q0Pw6Vdg;ZqEegBydNwJ0QkA59J61;30
jGXBy7a4Lbg1Q0Pw6Vdg;1rZXlwg5YvkwLk9joDmG;10
lrx463VdQgGAQ5w1zWKP;jGXBy7a4LbMY0Pw6Vdgl;500
lrx463VdQgGAQ5w1zWKP;O2xMjGdBN5MqN9P1nyrv;10
lrx463VdQgGAQ5w1zWKP;oaJydnOmQWlZNbgRe5ME;3
lrx463VdQggxQ5w1zWKP;jGXBy7a4LbMY0Pw6Vdgl;500
lrx463VdQggxQ5w1zWKP;y7Do6jgkY0VjQ8BAdKX0;15
lrx463VdQggxQ5w1zWKP;JVM29l7kQZW5N80q6WDG;3
lrx463VdQgwaQ5w1zWKP;jGXBy7a4LbMY0Pw6Vdgl;500
lrx463VdQgwaQ5w1zWKP;jGXBy7a4LbWzQ0Pw6Vdg;20
lrx463VdQgwaQ5w1zWKP;BPjze3x2Q31OYR85vgZV;30
mK5jqPopYG2KNrOzDRGV;jGXBy7a4LbMY0Pw6Vdgl;500
mK5jqPopYG2KNrOzDRGV;3yE1A84kYOl3Ll6XeVKp;20
mK5jqPopYG2KNrOzDRGV;JZdg5V3PQoD9NEyWq0zl;20
mK5jqPopYG2KNrOzDRGV;1rZXlwg5YvkwLk9joDmG;15
mK5jqPopYG38YrOzDRGV;P1vlVrzjLrgDQao8mGKM;3
mK5jqPopYG38YrOzDRGV;P1vlVrzjLrgwQao8mGKM;6
mK5jqPopYGKOYrOzDRGV;lrx463VdQgD9N5w1zWKP;12
mK5jqPopYGKOYrOzDRGV;q9pwa0kxLBnVLgVj136l;1
mK5jqPopYGgeYrOzDRGV;jGXBy7a4LbMY0Pw6Vdgl;500
mK5jqPopYGgeYrOzDRGV;P1vlVrzjLrgDQao8mGKM;35
mK5jqPopYGgeYrOzDRGV;3Zbym56qLxg5YBRp7Eek;15
mK5jqPopYGgeYrOzDRGV;XjEaOeBkLayrLlGwxVPq;30
njoPWKDkLX3VY06ZOX79;O2xMjGdBN5M6N9P1nyrv;1
njoPWKDkLXBxN06ZOX79;JVM29l7kQZW5N80q6WDG;5
njoPWKDkLXBxN06ZOX79;q9pwa0kxLBnVLgVj136l;1
oZwey82VNA9PND0dXM3g;BRn3x72JQ2DYzOMok418;500
oZwey82VNA9PND0dXM3g;lrx463VdQgD9N5w1zWKP;30
oZwey82VNA9PND0dXM3g;oaJydnOmQWlZNbgRe5ME;5
oZwey82VNA9PND0dXM3g;Rv5g4z1dQnEGLqy32jpG;15
oZwey82VNAEMND0dXM3g;jGXBy7a4LbMY0Pw6Vdgl;500
oZwey82VNAEMND0dXM3g;3Zbym56qLxg5YBRp7Eek;50
oZwey82VNAEMND0dXM3g;zvjoJW96Y8mWL3RaAylw;20
oZwey82VNAX2QD0dXM3g;BRn3x72JQ2DYzOMok418;500
oZwey82VNAX2QD0dXM3g;ElzPeorXNVlxLaW0kv53;30
oZwey82VNAX2QD0dXM3g;y7Do6jgkY0VjQ8BAdKX0;30
oZwey82VNAdPQD0dXM3g;XyeZRGx9YjKLB80gWlPa;300
oZwey82VNAdPQD0dXM3g;Ro31P7kZL6AYveGxXOy5;200
oZwey82VNAdPQD0dXM3g;Ro31P7kZL6r6LveGxXOy;20
oZwey82VNAdPQD0dXM3g;3yE1A84kYOl3Ll6XeVKp;15
oZwey82VNAdPQD0dXM3g;jGXBy7a4LbWzQ0Pw6Vdg;30
oZwey82VNAdPQD0dXM3g;gGZ2J71yYKMyQMmjbown;30
oZwey82VNAdPQD0dXM3g;yav4OK1wNER2YZP7rzJb;10
oZwey82VNAqMND0dXM3g;BRn3x72JQ2DYzOMok418;500
oZwey82VNAqMND0dXM3g;dgBq1boWYek4QkJ3rXaD;45
oZwey82VNAqMND0dXM3g;oZwey82VNAKnLD0dXM3g;4
oZwey82VNAqMND0dXM3g;B2WEpv54NmORLj1xJrXk;4
oaJydnOmQWEaYbgRe5ME;7eA59WrBQRpYzb62qKvp;250
oaJydnOmQWEaYbgRe5ME;ElzPeorXNVjNaW0kv53J;150
oaJydnOmQWEaYbgRe5ME;XyeZRGx9YjKLB80gWlPa;100
oaJydnOmQWEaYbgRe5ME;O2xMjGdBN5MqN9P1nyrv;10
oaJydnOmQWEaYbgRe5ME;dgBq1boWYek4QkJ3rXaD;15
oaJydnOmQWEaYbgRe5ME;q9pwa0kxLBVpLgVj136l;30
oaJydnOmQWRaLbgRe5ME;BRn3x72JQ2DYzOMok418;500
oaJydnOmQWRaLbgRe5ME;6leApVoENkKlN7nRPy2D;1
oaJydnOmQWRaLbgRe5ME;mK5jqPopYGM2QrOzDRGV;100
oaJydnOmQWddNbgRe5ME;jGXBy7a4LbMY0Pw6Vdgl;500
oaJydnOmQWddNbgRe5ME;27gw0k38L4qrQWevJxyK;5
oaJydnOmQWddNbgRe5ME;O2xMjGdBN5MqN9P1nyrv;40
oaJydnOmQWddNbgRe5ME;gGZ2J71yYKMyQMmjbown;5
oaJydnOmQWodQbgRe5ME;jGXBy7a4LbMY0Pw6Vdgl;500
oaJydnOmQWodQbgRe5ME;O2xMjGdBN5MqN9P1nyrv;10
oaJydnOmQWodQbgRe5ME;27gw0k38L4qZQWevJxyK;15
oaJydnOmQWx9NbgRe5ME;BRn3x72JQ2DYzOMok418;500
oaJydnOmQWx9NbgRe5ME;BRn3x72JQ26lQzOMok41;50
oaJydnOmQWx9NbgRe5ME;j98bO5w1QPvlY3xkREVJ;20
q9pwa0kxLBE8YgVj136l;BRn3x72JQ2DYzOMok418;500
q9pwa0kxLBE8YgVj136l;XyeZRGx9YjD4QB80gWlP;6
q9pwa0kxLBE8YgVj136l;3yE1A84kYOl3Ll6XeVKp;10
q9pwa0kxLBE8YgVj136l;PjVDJez3LD6zNKWO08Ga;6
q9pwa0kxLBE8YgVj136l;XjEaOeBkLayrLlGwxVPq;10
q9pwa0kxLBE8YgVj136l;njoPWKDkLXeAQ06ZOX79;5
q9pwa0kxLBZRLgVj136l;lrx463VdQgD9N5w1zWKP;4
q9pwa0kxLBZRLgVj136l;y7Do6jgkY0VjQ8BAdKX0;1
q9pwa0kxLBZRLgVj136l;yav4OK1wNER2YZP7rzJb;2
q9pwa0kxLBZRLgVj136l;ZqEegBydNwJ0QkA59J61;8
q9pwa0kxLBdVNgVj136l;Ro31P7kZL6AYveGxXOy5;300
q9pwa0kxLBdVNgVj136l;brz9RZnWN7aLKAp0Mdle;200
q9pwa0kxLBdVNgVj136l;lrx463VdQgD9N5w1zWKP;15
q9pwa0kxLBdVNgVj136l;zvjoJW96Y8mWL3RaAylw;15
q9pwa0kxLBdVNgVj136l;j98bO5w1QPvlY3xkREVJ;15
y7Do6jgkY07BN8BAdKX0;jGXBy7a4LbMY0Pw6Vdgl;500
y7Do6jgkY07BN8BAdKX0;P1vlVrzjLrgwQao8mGKM;50
y7Do6jgkY07BN8BAdKX0;oZwey82VNAKnLD0dXM3g;5
y7Do6jgkY0EKL8BAdKX0;jGXBy7a4LbMY0Pw6Vdgl;500
y7Do6jgkY0EKL8BAdKX0;lrx463VdQgD9N5w1zWKP;20
y7Do6jgkY0EKL8BAdKX0;BPjze3x2Q31OYR85vgZV;20
y7Do6jgkY0zpQ8BAdKX0;jGXBy7a4LbMY0Pw6Vdgl;500
y7Do6jgkY0zpQ8BAdKX0;27gw0k38L4qrQWevJxyK;5
y7Do6jgkY0zpQ8BAdKX0;O2xMjGdBN5MqN9P1nyrv;5
y7Do6jgkY0zpQ8BAdKX0;jGXBy7a4LbWzQ0Pw6Vdg;40
yav4OK1wNE4zQZP7rzJb;dgBq1boWYek4QkJ3rXaD;10
yav4OK1wNE4zQZP7rzJb;Ro31P7kZL6r6LveGxXOy;20
yav4OK1wNE4zQZP7rzJb;yav4OK1wNER2YZP7rzJb;12
yav4OK1wNE4zQZP7rzJb;zvjoJW96Y8mWL3RaAylw;15
yav4OK1wNEaWNZP7rzJb;jGXBy7a4LbMY0Pw6Vdgl;500
yav4OK1wNEaWNZP7rzJb;njoPWKDkLXeAQ06ZOX79;30
yav4OK1wNEaWNZP7rzJb;EWGwnXPlY111YJqekZ2R;50
yav4OK1wNEmxNZP7rzJb;BRn3x72JQ2DYzOMok418;500
yav4OK1wNEmxNZP7rzJb;BRn3x72JQ26lQzOMok41;45
yav4OK1wNEmxNZP7rzJb;y7Do6jgkY01jL8BAdKX0;30
yav4OK1wNEvzYZP7rzJb;jGXBy7a4LbMY0Pw6Vdgl;500
yav4OK1wNEvzYZP7rzJb;JVM29l7kQZW5N80q6WDG;15
yav4OK1wNEzxYZP7rzJb;7eA59WrBQRpYzb62qKvp;200
yav4OK1wNEzxYZP7rzJb;ElzPeorXNVjNaW0kv53J;250
yav4OK1wNEzxYZP7rzJb;Z6aDoyRnLy2yQpV5AGXm;20
yav4OK1wNEzxYZP7rzJb;27gw0k38L4qrQWevJxyK;5
yav4OK1wNEzxYZP7rzJb;3Zbym56qLxg5YBRp7Eek;20
zvjoJW96Y8JXQ3RaAylw;lrx463VdQgD9N5w1zWKP;4
zvjoJW96Y8JXQ3RaAylw;y7Do6jgkY0VjQ8BAdKX0;1
zvjoJW96Y8JXQ3RaAylw;q9pwa0kxLBVpLgVj136l;3
zvjoJW96Y8JXQ3RaAylw;zvjoJW96Y8mWL3RaAylw;5
zvjoJW96Y8dOY3RaAylw;27gw0k38L4qrQWevJxyK;4
zvjoJW96Y8dOY3RaAylw;brz9RZnWN7yBLKAp0Mdl;50
zvjoJW96Y8dOY3RaAylw;1rZXlwg5YvkwLk9joDmG;30
