"id","ItemId","Count","RecipeId"
10,"BRn3x72JQ2DYzOMok418",500,"1rZXlwg5Yv1aNk9joDmG"
11,"XyeZRGx9YjD4QB80gWlP",5,"1rZXlwg5Yv1aNk9joDmG"
12,"bAB1E9poQqDbLnakeJj5",5,"1rZXlwg5Yv1aNk9joDmG"
13,"gGZ2J71yYKMyQMmjbown",100,"1rZXlwg5Yv1aNk9joDmG"
14,"yav4OK1wNER2YZP7rzJb",2,"1rZXlwg5Yv2GYk9joDmG"
15,"ZqEegBydNwJ0QkA59J61",8,"1rZXlwg5Yv2GYk9joDmG"
16,"JZdg5V3PQoD9NEyWq0zl",3,"1rZXlwg5Yv2GYk9joDmG"
17,"Ro31P7kZL6AYveGxXOy5",300,"1rZXlwg5YvbkYk9joDmG"
18,"brz9RZnWN7aLKAp0Mdle",200,"1rZXlwg5YvbkYk9joDmG"
19,"ElzPeorXNVlxLaW0kv53",5,"1rZXlwg5YvbkYk9joDmG"
20,"oZwey82VNAKnLD0dXM3g",5,"1rZXlwg5YvbkYk9joDmG"
21,"93R0qXalLlDyLAbn8DBg",5,"1rZXlwg5YvbkYk9joDmG"
22,"1rZXlwg5YvkwLk9joDmG",15,"1rZXlwg5YvbkYk9joDmG"
23,"XjEaOeBkLayrLlGwxVPq",5,"1rZXlwg5YvbkYk9joDmG"
24,"jGXBy7a4LbMY0Pw6Vdgl",500,"27gw0k38L47EYWevJxyK"
25,"zvjoJW96Y8mWL3RaAylw",30,"27gw0k38L47EYWevJxyK"
26,"j98bO5w1QPvlY3xkREVJ",20,"27gw0k38L47EYWevJxyK"
27,"zvjoJW96Y8mWL3RaAylw",6,"27gw0k38L4jxNWevJxyK"
28,"JVM29l7kQZ0mY80q6WDG",1,"27gw0k38L4jxNWevJxyK"
29,"BRn3x72JQ2DYzOMok418",500,"27gw0k38L4z9NWevJxyK"
30,"Ro31P7kZL6r6LveGxXOy",30,"27gw0k38L4z9NWevJxyK"
31,"P1vlVrzjLrgwQao8mGKM",30,"27gw0k38L4z9NWevJxyK"
32,"oaJydnOmQWlZNbgRe5ME",7,"27gw0k38L4z9NWevJxyK"
33,"BRn3x72JQ2DYzOMok418",500,"3Zbym56qLxAyQBRp7Eek"
34,"P1vlVrzjLrgDQao8mGKM",10,"3Zbym56qLxAyQBRp7Eek"
35,"dgBq1boWYek4QkJ3rXaD",60,"3Zbym56qLxAyQBRp7Eek"
36,"RVrBKlPdNdOxQWG8xJe9",2,"3Zbym56qLxAyQBRp7Eek"
37,"BRn3x72JQ2DYzOMok418",500,"3Zbym56qLxG1YBRp7Eek"
38,"27gw0k38L4qrQWevJxyK",10,"3Zbym56qLxG1YBRp7Eek"
39,"lrx463VdQgD9N5w1zWKP",15,"3Zbym56qLxG1YBRp7Eek"
40,"y7Do6jgkY0VjQ8BAdKX0",15,"3Zbym56qLxG1YBRp7Eek"
41,"XyeZRGx9YjKLB80gWlPa",300,"3Zbym56qLxb1NBRp7Eek"
42,"Ro31P7kZL6AYveGxXOy5",200,"3Zbym56qLxb1NBRp7Eek"
43,"7eA59WrBQRlKYzb62qKv",15,"3Zbym56qLxb1NBRp7Eek"
44,"XyeZRGx9YjD4QB80gWlP",10,"3Zbym56qLxb1NBRp7Eek"
45,"ZjlPA8v9NMybNEyMe2Oa",20,"3Zbym56qLxb1NBRp7Eek"
46,"BRn3x72JQ2DYzOMok418",500,"3Zbym56qLxyEQBRp7Eek"
47,"XyeZRGx9YjD4QB80gWlP",10,"3Zbym56qLxyEQBRp7Eek"
48,"brz9RZnWN7yBLKAp0Mdl",10,"3Zbym56qLxyEQBRp7Eek"
49,"RVrBKlPdNdOxQWG8xJe9",5,"3Zbym56qLxyEQBRp7Eek"
50,"doyA279pNzlRLKRDEWm8",35,"3Zbym56qLxyEQBRp7Eek"
51,"jGXBy7a4LbMY0Pw6Vdgl",500,"3Zbym56qLxzyNBRp7Eek"
52,"zvjoJW96Y8mWL3RaAylw",10,"3Zbym56qLxzyNBRp7Eek"
53,"njoPWKDkLXeAQ06ZOX79",20,"3Zbym56qLxzyNBRp7Eek"
54,"27gw0k38L4qrQWevJxyK",2,"3ZvrGV8RQp5BN2wgA5jD"
55,"jGXBy7a4LbMY0Pw6Vdgl",500,"3ZvrGV8RQpAmN2wgA5jD"
56,"P1vlVrzjLrgDQao8mGKM",15,"3ZvrGV8RQpAmN2wgA5jD"
57,"XyeZRGx9YjD4QB80gWlP",4,"3ZvrGV8RQpAmN2wgA5jD"
58,"Ro31P7kZL6r6LveGxXOy",30,"3ZvrGV8RQpAmN2wgA5jD"
59,"0kK49j1VN9mxNq6B2doa",1,"3ZvrGV8RQpAmN2wgA5jD"
60,"DBngxedVYJqlNX64wW8o",23,"3ZvrGV8RQpMyN2wgA5jD"
61,"q9pwa0kxLBnVLgVj136l",1,"3ZvrGV8RQpMyN2wgA5jD"
62,"BRn3x72JQ2DYzOMok418",500,"3ZvrGV8RQpX8Q2wgA5jD"
63,"Z6aDoyRnLy2yQpV5AGXm",15,"3ZvrGV8RQpX8Q2wgA5jD"
64,"y7Do6jgkY01jL8BAdKX0",20,"3ZvrGV8RQpX8Q2wgA5jD"
65,"y7Do6jgkY0zQ8BAdKX0E",500,"3ZvrGV8RQpw8L2wgA5jD"
66,"O2xMjGdBN5M6N9P1nyrv",6,"3ZvrGV8RQpw8L2wgA5jD"
67,"BRn3x72JQ26lQzOMok41",10,"3ZvrGV8RQpw8L2wgA5jD"
68,"jGXBy7a4LbMY0Pw6Vdgl",500,"3ZvrGV8RQpzmY2wgA5jD"
69,"B2WEpv54NmORLj1xJrXk",4,"3ZvrGV8RQpzmY2wgA5jD"
70,"jGXBy7a4LbMY0Pw6Vdgl",500,"3yE1A84kYOa6Ql6XeVKp"
71,"XyeZRGx9YjD4QB80gWlP",12,"3yE1A84kYOa6Ql6XeVKp"
72,"Ro31P7kZL6r6LveGxXOy",10,"3yE1A84kYOa6Ql6XeVKp"
73,"jGXBy7a4LbMY0Pw6Vdgl",500,"3yE1A84kYOdDLl6XeVKp"
74,"Ro31P7kZL6r6LveGxXOy",5,"3yE1A84kYOdDLl6XeVKp"
75,"27gw0k38L4qZQWevJxyK",5,"3yE1A84kYOdDLl6XeVKp"
76,"q9pwa0kxLBVpLgVj136l",40,"3yE1A84kYOdDLl6XeVKp"
77,"BPjze3x2Q31OYR85vgZV",5,"3yE1A84kYOdDLl6XeVKp"
78,"jGXBy7a4LbMY0Pw6Vdgl",500,"3yE1A84kYOqxQl6XeVKp"
79,"P1vlVrzjLrgDQao8mGKM",30,"3yE1A84kYOqxQl6XeVKp"
80,"3Zbym56qLxg5YBRp7Eek",20,"3yE1A84kYOqxQl6XeVKp"
81,"jGXBy7a4LbMY0Pw6Vdgl",500,"6leApVoENkA2L7nRPy2D"
82,"gGZ2J71yYKMyQMmjbown",10,"6leApVoENkA2L7nRPy2D"
83,"JVM29l7kQZW5N80q6WDG",10,"6leApVoENkA2L7nRPy2D"
84,"ZqEegBydNwJ0QkA59J61",35,"6leApVoENkVRQ7nRPy2D"
85,"q9pwa0kxLBnVLgVj136l",1,"6leApVoENkVRQ7nRPy2D"
86,"jGXBy7a4LbMY0Pw6Vdgl",500,"6leApVoENkXoY7nRPy2D"
87,"Z6aDoyRnLy2yQpV5AGXm",10,"6leApVoENkXoY7nRPy2D"
88,"XyeZRGx9YjD4QB80gWlP",8,"6leApVoENkXoY7nRPy2D"
89,"3yE1A84kYOl3Ll6XeVKp",4,"6leApVoENkqZL7nRPy2D"
90,"DBngxedVYJqlNX64wW8o",8,"6leApVoENkqZL7nRPy2D"
91,"oaJydnOmQWlZNbgRe5ME",1,"6leApVoENkqZL7nRPy2D"
92,"7eA59WrBQRlKYzb62qKv",4,"7eA59WrBQR3JNzb62qKv"
93,"P1vlVrzjLrgwQao8mGKM",3,"7eA59WrBQR3JNzb62qKv"
94,"93R0qXalLlDyLAbn8DBg",1,"7eA59WrBQR3JNzb62qKv"
95,"BRn3x72JQ2DYzOMok418",500,"7eA59WrBQRArLzb62qKv"
96,"ZjlPA8v9NMybNEyMe2Oa",25,"7eA59WrBQRArLzb62qKv"
97,"P1vlVrzjLrgwQao8mGKM",40,"7eA59WrBQRArLzb62qKv"
98,"XjEaOeBkLayrLlGwxVPq",40,"7eA59WrBQRArLzb62qKv"
99,"gGZ2J71yYK9QMmjbown5",900,"7eA59WrBQREjLzb62qKv"
100,"Ro31P7kZL6r6LveGxXOy",20,"7eA59WrBQREjLzb62qKv"
101,"PjVDJez3LD6zNKWO08Ga",15,"7eA59WrBQREjLzb62qKv"
102,"3yE1A84kYOwYl6XeVKpD",500,"7eA59WrBQRErLzb62qKv"
103,"Z6aDoyRnLy2yQpV5AGXm",20,"7eA59WrBQRErLzb62qKv"
104,"3yE1A84kYOl3Ll6XeVKp",45,"7eA59WrBQRErLzb62qKv"
105,"jGXBy7a4LbMY0Pw6Vdgl",500,"7eA59WrBQRKjNzb62qKv"
106,"93R0qXalLlDyLAbn8DBg",3,"7eA59WrBQRKjNzb62qKv"
107,"PjVDJez3LD6zNKWO08Ga",2,"7eA59WrBQRKjNzb62qKv"
108,"jGXBy7a4LbWzQ0Pw6Vdg",20,"7eA59WrBQRqpLzb62qKv"
109,"q9pwa0kxLBnVLgVj136l",1,"7eA59WrBQRqpLzb62qKv"
110,"brz9RZnWN7yBLKAp0Mdl",20,"7eA59WrBQRqyLzb62qKv"
111,"ZqEegBydNwJ0QkA59J61",50,"7eA59WrBQRqyLzb62qKv"
112,"q9pwa0kxLBnVLgVj136l",1,"7eA59WrBQRqyLzb62qKv"
113,"Z6aDoyRnLy2yQpV5AGXm",5,"93R0qXalLlMdQAbn8DBg"
114,"JZdg5V3PQoD9NEyWq0zl",3,"93R0qXalLlMdQAbn8DBg"
115,"JVM29l7kQZW5N80q6WDG",1,"93R0qXalLlMdQAbn8DBg"
116,"gGZ2J71yYK9QMmjbown5",500,"93R0qXalLlXxLAbn8DBg"
117,"ZjlPA8v9NMybNEyMe2Oa",15,"93R0qXalLlXxLAbn8DBg"
118,"gGZ2J71yYKMyQMmjbown",50,"93R0qXalLlXxLAbn8DBg"
119,"q9pwa0kxLBVpLgVj136l",15,"93R0qXalLlXxLAbn8DBg"
120,"B2WEpv54NmORLj1xJrXk",5,"93R0qXalLlXxLAbn8DBg"
121,"3Zbym56qLxg5YBRp7Eek",7,"B2WEpv54Nm6xYj1xJrXk"
122,"q9pwa0kxLBnVLgVj136l",1,"B2WEpv54Nm6xYj1xJrXk"
123,"O2xMjGdBN5M6N9P1nyrv",1,"B2WEpv54NmrKYj1xJrXk"
124,"oZwey82VNAKnLD0dXM3g",2,"B2WEpv54NmrKYj1xJrXk"
125,"JZdg5V3PQoD9NEyWq0zl",4,"B2WEpv54NmrKYj1xJrXk"
126,"O2xMjGdBN5M6N9P1nyrv",2,"BPjze3x2Q3ogQR85vgZV"
127,"q9pwa0kxLBnVLgVj136l",1,"BPjze3x2Q3ogQR85vgZV"
128,"jGXBy7a4LbMY0Pw6Vdgl",500,"BRn3x72JQ2MJLzOMok41"
129,"Ro31P7kZL6r6LveGxXOy",40,"BRn3x72JQ2MJLzOMok41"
130,"brz9RZnWN7yBLKAp0Mdl",15,"BRn3x72JQ2MJLzOMok41"
131,"gGZ2J71yYKMyQMmjbown",15,"BRn3x72JQ2MJLzOMok41"
132,"jGXBy7a4LbMY0Pw6Vdgl",500,"BRn3x72JQ2qXLzOMok41"
133,"gGZ2J71yYKMyQMmjbown",5,"BRn3x72JQ2qXLzOMok41"
134,"yav4OK1wNER2YZP7rzJb",45,"BRn3x72JQ2qXLzOMok41"
135,"zvjoJW96Y8mWL3RaAylw",10,"BRn3x72JQ2qXLzOMok41"
136,"jGXBy7a4LbMY0Pw6Vdgl",500,"BRn3x72JQ2xrYzOMok41"
137,"bAB1E9poQqDbLnakeJj5",30,"BRn3x72JQ2xrYzOMok41"
138,"JZdg5V3PQoD9NEyWq0zl",25,"BRn3x72JQ2xrYzOMok41"
139,"jGXBy7a4LbWzQ0Pw6Vdg",10,"DBngxedVYJJqYX64wW8o"
140,"gGZ2J71yYKMyQMmjbown",48,"DBngxedVYJJqYX64wW8o"
141,"y7Do6jgkY01jL8BAdKX0",8,"DBngxedVYJJqYX64wW8o"
142,"jGXBy7a4LbMY0Pw6Vdgl",500,"DBngxedVYJREYX64wW8o"
143,"y7Do6jgkY0VjQ8BAdKX0",20,"DBngxedVYJREYX64wW8o"
144,"jGXBy7a4LbWzQ0Pw6Vdg",50,"DBngxedVYJREYX64wW8o"
145,"jGXBy7a4LbMY0Pw6Vdgl",500,"DBngxedVYJa0NX64wW8o"
146,"bAB1E9poQqDbLnakeJj5",40,"DBngxedVYJa0NX64wW8o"
147,"BRn3x72JQ26lQzOMok41",50,"DBngxedVYJa0NX64wW8o"
148,"jGXBy7a4LbMY0Pw6Vdgl",500,"EWGwnXPlY178QJqekZ2R"
149,"O2xMjGdBN5MqN9P1nyrv",10,"EWGwnXPlY178QJqekZ2R"
150,"JVM29l7kQZW5N80q6WDG",10,"EWGwnXPlY178QJqekZ2R"
151,"jGXBy7a4LbMY0Pw6Vdgl",500,"EWGwnXPlY1qAYJqekZ2R"
152,"27gw0k38L4qrQWevJxyK",3,"EWGwnXPlY1qAYJqekZ2R"
153,"Ro31P7kZL6r6LveGxXOy",4,"EWGwnXPlY1qAYJqekZ2R"
154,"3yE1A84kYOl3Ll6XeVKp",10,"EWGwnXPlY1qAYJqekZ2R"
155,"JZdg5V3PQoD9NEyWq0zl",30,"EWGwnXPlY1qAYJqekZ2R"
156,"BRn3x72JQ26lQzOMok41",38,"EWGwnXPlY1xyNJqekZ2R"
157,"q9pwa0kxLBnVLgVj136l",1,"EWGwnXPlY1xyNJqekZ2R"
158,"7eA59WrBQRlKYzb62qKv",4,"ElzPeorXNV3BYaW0kv53"
159,"BRn3x72JQ26lQzOMok41",8,"ElzPeorXNV3BYaW0kv53"
160,"0kK49j1VN9mxNq6B2doa",1,"ElzPeorXNV3BYaW0kv53"
161,"ZqEegBydNwJ0QkA59J61",12,"ElzPeorXNV4jLaW0kv53"
162,"oZwey82VNAKnLD0dXM3g",6,"ElzPeorXNV4jLaW0kv53"
163,"JVM29l7kQZ0mY80q6WDG",1,"ElzPeorXNV4jLaW0kv53"
164,"3Zbym56qLxg5YBRp7Eek",22,"ElzPeorXNV4pLaW0kv53"
165,"XjEaOeBkLayrLlGwxVPq",25,"ElzPeorXNV4pLaW0kv53"
166,"q9pwa0kxLBnVLgVj136l",1,"ElzPeorXNV4pLaW0kv53"
167,"jGXBy7a4LbMY0Pw6Vdgl",500,"ElzPeorXNVK8YaW0kv53"
168,"Ro31P7kZL6r6LveGxXOy",4,"ElzPeorXNVK8YaW0kv53"
169,"PjVDJez3LD6zNKWO08Ga",4,"ElzPeorXNVK8YaW0kv53"
170,"y7Do6jgkY01jL8BAdKX0",5,"ElzPeorXNVK8YaW0kv53"
171,"3yE1A84kYOwYl6XeVKpD",500,"ElzPeorXNVZ3NaW0kv53"
172,"y7Do6jgkY0VjQ8BAdKX0",15,"ElzPeorXNVZ3NaW0kv53"
173,"93R0qXalLlDyLAbn8DBg",4,"ElzPeorXNVZ3NaW0kv53"
174,"BRn3x72JQ2DYzOMok418",500,"ElzPeorXNVp3LaW0kv53"
175,"XyeZRGx9YjD4QB80gWlP",15,"ElzPeorXNVp3LaW0kv53"
176,"Z6aDoyRnLy26QpV5AGXm",20,"ElzPeorXNVp3LaW0kv53"
177,"gGZ2J71yYK9QMmjbown5",500,"JVM29l7kQZ2KQ80q6WDG"
178,"XyeZRGx9YjD4QB80gWlP",12,"JVM29l7kQZ2KQ80q6WDG"
179,"ZjlPA8v9NMybNEyMe2Oa",15,"JVM29l7kQZ2KQ80q6WDG"
180,"1rZXlwg5YvkwLk9joDmG",60,"JVM29l7kQZ2KQ80q6WDG"
181,"RVrBKlPdNdOxQWG8xJe9",1,"JVM29l7kQZ2KQ80q6WDG"
182,"Z6aDoyRnLy2yQpV5AGXm",5,"JVM29l7kQZ3MN80q6WDG"
183,"gGZ2J71yYK9QMmjbown5",500,"JVM29l7kQZ6mQ80q6WDG"
184,"Z6aDoyRnLy26QpV5AGXm",30,"JVM29l7kQZ6mQ80q6WDG"
185,"DBngxedVYJqlNX64wW8o",20,"JVM29l7kQZ6mQ80q6WDG"
186,"1rZXlwg5YvkwLk9joDmG",20,"JVM29l7kQZ6mQ80q6WDG"
187,"Rv5g4z1dQnEGLqy32jpG",30,"JVM29l7kQZ6mQ80q6WDG"
188,"XyeZRGx9YjKLB80gWlPa",300,"JVM29l7kQZDmY80q6WDG"
189,"Ro31P7kZL6AYveGxXOy5",200,"JVM29l7kQZDmY80q6WDG"
190,"brz9RZnWN7yBLKAp0Mdl",5,"JVM29l7kQZDmY80q6WDG"
191,"27gw0k38L4qZQWevJxyK",5,"JVM29l7kQZDmY80q6WDG"
192,"O2xMjGdBN5M6N9P1nyrv",2,"JVM29l7kQZDmY80q6WDG"
193,"oaJydnOmQWlZNbgRe5ME",6,"JVM29l7kQZDmY80q6WDG"
194,"gGZ2J71yYK9QMmjbown5",500,"JVM29l7kQZxeY80q6WDG"
195,"JVM29l7kQZW5N80q6WDG",12,"JVM29l7kQZxeY80q6WDG"
196,"zvjoJW96Y8mWL3RaAylw",30,"JVM29l7kQZxeY80q6WDG"
197,"7eA59WrBQRpYzb62qKvp",20,"JZdg5V3PQo4vNEyWq0zl"
198,"ZjlPA8v9NMyyNEyMe2Oa",3,"JZdg5V3PQo4vNEyWq0zl"
199,"P1vlVrzjLrgwQao8mGKM",6,"JZdg5V3PQo4vNEyWq0zl"
200,"XyeZRGx9YjKLB80gWlPa",300,"JZdg5V3PQobyLEyWq0zl"
201,"Ro31P7kZL6AYveGxXOy5",200,"JZdg5V3PQobyLEyWq0zl"
202,"JZdg5V3PQoD9NEyWq0zl",12,"JZdg5V3PQobyLEyWq0zl"
203,"JVM29l7kQZW5N80q6WDG",15,"JZdg5V3PQobyLEyWq0zl"
204,"njoPWKDkLXeAQ06ZOX79",10,"JZdg5V3PQobyLEyWq0zl"
205,"BRn3x72JQ2DYzOMok418",500,"JZdg5V3PQoerYEyWq0zl"
206,"BPjze3x2Q31OYR85vgZV",65,"JZdg5V3PQoerYEyWq0zl"
207,"EWGwnXPlY111YJqekZ2R",75,"JZdg5V3PQoerYEyWq0zl"
208,"jGXBy7a4LbMY0Pw6Vdgl",500,"JZdg5V3PQoz1LEyWq0zl"
209,"P1vlVrzjLrgDQao8mGKM",60,"JZdg5V3PQoz1LEyWq0zl"
210,"O2xMjGdBN5M6N9P1nyrv",3,"O2xMjGdBN56MY9P1nyrv"
211,"DBngxedVYJqlNX64wW8o",35,"O2xMjGdBN56MY9P1nyrv"
212,"q9pwa0kxLBnVLgVj136l",1,"O2xMjGdBN56MY9P1nyrv"
213,"BRn3x72JQ2DYzOMok418",500,"O2xMjGdBN5E2N9P1nyrv"
214,"dgBq1boWYek4QkJ3rXaD",30,"O2xMjGdBN5E2N9P1nyrv"
215,"bAB1E9poQqDbLnakeJj5",12,"O2xMjGdBN5E2N9P1nyrv"
216,"BRn3x72JQ26lQzOMok41",50,"O2xMjGdBN5E2N9P1nyrv"
217,"j98bO5w1QPvlY3xkREVJ",15,"O2xMjGdBN5E2N9P1nyrv"
218,"ZjlPA8v9NMybNEyMe2Oa",14,"P1vlVrzjLr89Nao8mGKM"
219,"P1vlVrzjLrgwQao8mGKM",60,"P1vlVrzjLr89Nao8mGKM"
220,"93R0qXalLl9xQAbn8DBg",1,"P1vlVrzjLr89Nao8mGKM"
221,"O2xMjGdBN5MqN9P1nyrv",9,"P1vlVrzjLr8RNao8mGKM"
222,"q9pwa0kxLBnVLgVj136l",1,"P1vlVrzjLr8RNao8mGKM"
223,"jGXBy7a4LbMY0Pw6Vdgl",500,"P1vlVrzjLrdbNao8mGKM"
224,"y7Do6jgkY0VjQ8BAdKX0",20,"P1vlVrzjLrdbNao8mGKM"
225,"93R0qXalLlDyLAbn8DBg",8,"P1vlVrzjLrdbNao8mGKM"
226,"BRn3x72JQ2DYzOMok418",500,"PjVDJez3LDPJLKWO08Ga"
227,"93R0qXalLlDyLAbn8DBg",5,"PjVDJez3LDPJLKWO08Ga"
228,"RVrBKlPdNdOxQWG8xJe9",10,"PjVDJez3LDPJLKWO08Ga"
229,"oaJydnOmQWlZNbgRe5ME",1,"RVrBKlPdNd3yQWG8xJe9"
230,"oZwey82VNAKnLD0dXM3g",2,"RVrBKlPdNd3yQWG8xJe9"
231,"JZdg5V3PQoD9NEyWq0zl",4,"RVrBKlPdNd3yQWG8xJe9"
232,"gGZ2J71yYKMyQMmjbown",18,"RVrBKlPdNdpVNWG8xJe9"
233,"JZdg5V3PQoXyNEyWq0zl",1,"RVrBKlPdNdpVNWG8xJe9"
234,"3Zbym56qLxg5YBRp7Eek",40,"Ro31P7kZL675QveGxXOy"
235,"njoPWKDkLXeAQ06ZOX79",25,"Ro31P7kZL675QveGxXOy"
236,"q9pwa0kxLBnVLgVj136l",1,"Ro31P7kZL675QveGxXOy"
237,"27gw0k38L4qZQWevJxyK",3,"Ro31P7kZL67AQveGxXOy"
238,"BRn3x72JQ26lQzOMok41",20,"Ro31P7kZL67AQveGxXOy"
239,"JVM29l7kQZ0mY80q6WDG",1,"Ro31P7kZL67AQveGxXOy"
240,"jGXBy7a4LbMY0Pw6Vdgl",500,"Ro31P7kZL6EoYveGxXOy"
241,"27gw0k38L4qrQWevJxyK",5,"Ro31P7kZL6EoYveGxXOy"
242,"JZdg5V3PQoD9NEyWq0zl",30,"Ro31P7kZL6EoYveGxXOy"
243,"DBngxedVYJPQX64wW8oa",500,"Ro31P7kZL6MJYveGxXOy"
244,"3yE1A84kYOl3Ll6XeVKp",12,"Ro31P7kZL6MJYveGxXOy"
245,"PjVDJez3LD6zNKWO08Ga",8,"Ro31P7kZL6MJYveGxXOy"
246,"BRn3x72JQ2DYzOMok418",500,"Ro31P7kZL6aoYveGxXOy"
247,"27gw0k38L4qrQWevJxyK",15,"Ro31P7kZL6aoYveGxXOy"
248,"XyeZRGx9YjD4QB80gWlP",10,"Ro31P7kZL6aoYveGxXOy"
249,"27gw0k38L4qZQWevJxyK",5,"Ro31P7kZL6aoYveGxXOy"
250,"j98bO5w1QPvlY3xkREVJ",5,"Ro31P7kZL6aoYveGxXOy"
251,"jGXBy7a4LbMY0Pw6Vdgl",500,"Rv5g4z1dQnXKYqy32jpG"
252,"XyeZRGx9YjD4QB80gWlP",8,"Rv5g4z1dQnXKYqy32jpG"
253,"93R0qXalLlDyLAbn8DBg",3,"Rv5g4z1dQnXKYqy32jpG"
254,"jGXBy7a4LbMY0Pw6Vdgl",500,"Rv5g4z1dQnm6Lqy32jpG"
255,"27gw0k38L4qrQWevJxyK",5,"Rv5g4z1dQnm6Lqy32jpG"
256,"O2xMjGdBN5MqN9P1nyrv",10,"Rv5g4z1dQnm6Lqy32jpG"
257,"njoPWKDkLXeAQ06ZOX79",15,"Rv5g4z1dQnm6Lqy32jpG"
258,"7eA59WrBQRlKYzb62qKv",8,"Rv5g4z1dQnp9Yqy32jpG"
259,"q9pwa0kxLBnVLgVj136l",1,"Rv5g4z1dQnp9Yqy32jpG"
260,"P1vlVrzjLrgwQao8mGKM",6,"XjEaOeBkLa3ONlGwxVPq"
261,"Z6aDoyRnLy26QpV5AGXm",3,"XjEaOeBkLa3ONlGwxVPq"
262,"27gw0k38L4qrQWevJxyK",5,"XjEaOeBkLakMNlGwxVPq"
263,"q9pwa0kxLBnVLgVj136l",1,"XjEaOeBkLakMNlGwxVPq"
264,"DBngxedVYJPQX64wW8oa",500,"XyeZRGx9Yj2nYB80gWlP"
265,"27gw0k38L4qrQWevJxyK",8,"XyeZRGx9Yj2nYB80gWlP"
266,"dgBq1boWYek4QkJ3rXaD",15,"XyeZRGx9Yj2nYB80gWlP"
267,"ElzPeorXNVlxLaW0kv53",15,"XyeZRGx9Yj2nYB80gWlP"
268,"BRn3x72JQ26lQzOMok41",8,"XyeZRGx9Yj7PLB80gWlP"
269,"0kK49j1VN9mxNq6B2doa",1,"XyeZRGx9Yj7PLB80gWlP"
270,"BPjze3x2Q31OYR85vgZV",5,"XyeZRGx9Yj7PLB80gWlP"
271,"BRn3x72JQ2DYzOMok418",500,"XyeZRGx9YjJ1YB80gWlP"
272,"O2xMjGdBN5MqN9P1nyrv",20,"XyeZRGx9YjJ1YB80gWlP"
273,"Ro31P7kZL6r6LveGxXOy",64,"XyeZRGx9YjJ1YB80gWlP"
274,"brz9RZnWN7yBLKAp0Mdl",15,"XyeZRGx9YjJ1YB80gWlP"
275,"O2xMjGdBN5MqN9P1nyrv",7,"XyeZRGx9YjP2QB80gWlP"
276,"zvjoJW96Y8mWL3RaAylw",7,"XyeZRGx9YjP2QB80gWlP"
277,"93R0qXalLl9xQAbn8DBg",1,"XyeZRGx9YjP2QB80gWlP"
278,"BPjze3x2Q31OYR85vgZV",8,"XyeZRGx9YjPKQB80gWlP"
279,"q9pwa0kxLBnVLgVj136l",1,"XyeZRGx9YjPKQB80gWlP"
280,"BRn3x72JQ2DYzOMok418",500,"XyeZRGx9YjXnQB80gWlP"
281,"ZjlPA8v9NMyyNEyMe2Oa",30,"XyeZRGx9YjXnQB80gWlP"
282,"dgBq1boWYek4QkJ3rXaD",30,"XyeZRGx9YjXnQB80gWlP"
283,"jGXBy7a4LbMY0Pw6Vdgl",500,"XyeZRGx9YjZ1YB80gWlP"
284,"O2xMjGdBN5M6N9P1nyrv",3,"XyeZRGx9YjZ1YB80gWlP"
285,"3yE1A84kYOl3Ll6XeVKp",30,"XyeZRGx9YjZ1YB80gWlP"
286,"BRn3x72JQ2DYzOMok418",500,"Z6aDoyRnLy4oYpV5AGXm"
287,"BRn3x72JQ26lQzOMok41",50,"Z6aDoyRnLy4oYpV5AGXm"
288,"yav4OK1wNER2YZP7rzJb",5,"Z6aDoyRnLy4oYpV5AGXm"
289,"oaJydnOmQWlZNbgRe5ME",6,"Z6aDoyRnLy4oYpV5AGXm"
290,"oZwey82VNAKnLD0dXM3g",5,"Z6aDoyRnLy4oYpV5AGXm"
291,"dgBq1boWYek4QkJ3rXaD",8,"Z6aDoyRnLy8kYpV5AGXm"
292,"q9pwa0kxLBnVLgVj136l",1,"Z6aDoyRnLy8kYpV5AGXm"
293,"jGXBy7a4LbMY0Pw6Vdgl",500,"Z6aDoyRnLylJYpV5AGXm"
294,"0kK49j1VN9mxNq6B2doa",7,"Z6aDoyRnLylJYpV5AGXm"
295,"jGXBy7a4LbMY0Pw6Vdgl",500,"ZjlPA8v9NMEpNEyMe2Oa"
296,"P1vlVrzjLrgDQao8mGKM",40,"ZjlPA8v9NMEpNEyMe2Oa"
297,"bAB1E9poQqDbLnakeJj5",50,"ZjlPA8v9NMEpNEyMe2Oa"
298,"P1vlVrzjLrgwQao8mGKM",12,"ZjlPA8v9NMRXYEyMe2Oa"
299,"Z6aDoyRnLy26QpV5AGXm",19,"ZjlPA8v9NMRXYEyMe2Oa"
300,"q9pwa0kxLBnVLgVj136l",1,"ZjlPA8v9NMRXYEyMe2Oa"
301,"doyA279pNzlRLKRDEWm8",35,"ZjlPA8v9NMRnYEyMe2Oa"
302,"dgBq1boWYem4YkJ3rXaD",15,"ZjlPA8v9NMRnYEyMe2Oa"
303,"q9pwa0kxLBnVLgVj136l",1,"ZjlPA8v9NMRnYEyMe2Oa"
304,"jGXBy7a4LbMY0Pw6Vdgl",500,"ZjlPA8v9NMxmQEyMe2Oa"
305,"93R0qXalLlDyLAbn8DBg",5,"ZjlPA8v9NMxmQEyMe2Oa"
306,"B2WEpv54NmORLj1xJrXk",4,"ZjlPA8v9NMxmQEyMe2Oa"
307,"BRn3x72JQ2DYzOMok418",500,"ZqEegBydNwpzYkA59J61"
308,"27gw0k38L4qrQWevJxyK",20,"ZqEegBydNwpzYkA59J61"
309,"ZqEegBydNwJ0QkA59J61",25,"ZqEegBydNwpzYkA59J61"
310,"XyeZRGx9YjKLB80gWlPa",300,"ZqEegBydNwvoQkA59J61"
311,"Ro31P7kZL6AYveGxXOy5",150,"ZqEegBydNwvoQkA59J61"
312,"y7Do6jgkY0VjQ8BAdKX0",20,"ZqEegBydNwvoQkA59J61"
313,"DBngxedVYJqlNX64wW8o",25,"ZqEegBydNwvoQkA59J61"
314,"BRn3x72JQ26lQzOMok41",15,"ZqEegBydNwvoQkA59J61"
315,"ZqEegBydNwJ0QkA59J61",20,"ZqEegBydNwvoQkA59J61"
316,"jGXBy7a4LbMY0Pw6Vdgl",500,"ZqEegBydNwzzQkA59J61"
317,"P1vlVrzjLrgDQao8mGKM",20,"ZqEegBydNwzzQkA59J61"
318,"brz9RZnWN7yBLKAp0Mdl",14,"ZqEegBydNwzzQkA59J61"
319,"JZdg5V3PQoD9NEyWq0zl",10,"ZqEegBydNwzzQkA59J61"
320,"Z6aDoyRnLy26QpV5AGXm",15,"bAB1E9poQq8VLnakeJj5"
321,"j98bO5w1QPvlY3xkREVJ",7,"bAB1E9poQq8VLnakeJj5"
322,"q9pwa0kxLBnVLgVj136l",1,"bAB1E9poQq8VLnakeJj5"
323,"P1vlVrzjLrgwQao8mGKM",12,"bAB1E9poQq8kLnakeJj5"
324,"O2xMjGdBN5M6N9P1nyrv",1,"bAB1E9poQq8kLnakeJj5"
325,"q9pwa0kxLBnVLgVj136l",1,"bAB1E9poQq8kLnakeJj5"
326,"gGZ2J71yYK9QMmjbown5",500,"bAB1E9poQqn0NnakeJj5"
327,"O2xMjGdBN5MqN9P1nyrv",40,"bAB1E9poQqn0NnakeJj5"
328,"oZwey82VNAKnLD0dXM3g",5,"bAB1E9poQqn0NnakeJj5"
329,"q9pwa0kxLBVpLgVj136l",10,"bAB1E9poQqn0NnakeJj5"
330,"jGXBy7a4LbMY0Pw6Vdgl",15,"bAB1E9poQqx0LnakeJj5"
331,"ZjlPA8v9NMybNEyMe2Oa",60,"bAB1E9poQqx0LnakeJj5"
332,"q9pwa0kxLBVpLgVj136l",25,"bAB1E9poQqx0LnakeJj5"
333,"BRn3x72JQ2DYzOMok418",500,"brz9RZnWN759LKAp0Mdl"
334,"lrx463VdQgD9N5w1zWKP",10,"brz9RZnWN759LKAp0Mdl"
335,"DBngxedVYJqlNX64wW8o",20,"brz9RZnWN759LKAp0Mdl"
336,"JZdg5V3PQoD9NEyWq0zl",50,"brz9RZnWN759LKAp0Mdl"
337,"j98bO5w1QPvlY3xkREVJ",5,"brz9RZnWN759LKAp0Mdl"
338,"bAB1E9poQqDbLnakeJj5",15,"brz9RZnWN7qDLKAp0Mdl"
339,"27gw0k38L4qZQWevJxyK",15,"brz9RZnWN7qDLKAp0Mdl"
340,"q9pwa0kxLBnVLgVj136l",1,"brz9RZnWN7qDLKAp0Mdl"
341,"O2xMjGdBN5M6N9P1nyrv",1,"brz9RZnWN7qaLKAp0Mdl"
342,"q9pwa0kxLBVpLgVj136l",4,"brz9RZnWN7qaLKAp0Mdl"
343,"JVM29l7kQZ0mY80q6WDG",1,"brz9RZnWN7qaLKAp0Mdl"
344,"jGXBy7a4LbMY0Pw6Vdgl",500,"brz9RZnWN7r9QKAp0Mdl"
345,"XjEaOeBkLayrLlGwxVPq",30,"brz9RZnWN7r9QKAp0Mdl"
346,"njoPWKDkLXeAQ06ZOX79",35,"brz9RZnWN7r9QKAp0Mdl"
347,"BRn3x72JQ2DYzOMok418",500,"dgBq1boWYe1lYkJ3rXaD"
348,"dgBq1boWYem4YkJ3rXaD",30,"dgBq1boWYe1lYkJ3rXaD"
349,"7eA59WrBQRvKQzb62qKv",15,"dgBq1boWYe1lYkJ3rXaD"
350,"jGXBy7a4LbMY0Pw6Vdgl",500,"dgBq1boWYe4wNkJ3rXaD"
351,"3yE1A84kYOl3Ll6XeVKp",15,"dgBq1boWYe4wNkJ3rXaD"
352,"XjEaOeBkLayrLlGwxVPq",100,"dgBq1boWYe4wNkJ3rXaD"
353,"doyA279pNzlRLKRDEWm8",36,"dgBq1boWYe4wNkJ3rXaD"
354,"jGXBy7a4LbMY0Pw6Vdgl",500,"dgBq1boWYe8wNkJ3rXaD"
355,"njoPWKDkLXeAQ06ZOX79",25,"dgBq1boWYe8wNkJ3rXaD"
356,"3yE1A84kYOwYl6XeVKpD",500,"dgBq1boWYeA9YkJ3rXaD"
357,"27gw0k38L4qrQWevJxyK",10,"dgBq1boWYeA9YkJ3rXaD"
358,"P1vlVrzjLrgwQao8mGKM",30,"dgBq1boWYeA9YkJ3rXaD"
359,"BRn3x72JQ2DYzOMok418",900,"dgBq1boWYeAwYkJ3rXaD"
360,"oaJydnOmQWlZNbgRe5ME",10,"dgBq1boWYeAwYkJ3rXaD"
361,"mK5jqPopYGM2QrOzDRGV",70,"dgBq1boWYeAwYkJ3rXaD"
362,"3ZvrGV8RQpGwL2wgA5jD",70,"dgBq1boWYeAwYkJ3rXaD"
363,"BRn3x72JQ2DYzOMok418",500,"dgBq1boWYeX9NkJ3rXaD"
364,"jGXBy7a4LbWzQ0Pw6Vdg",30,"dgBq1boWYeX9NkJ3rXaD"
365,"oZwey82VNAKnLD0dXM3g",11,"dgBq1boWYeX9NkJ3rXaD"
366,"3yE1A84kYOl3Ll6XeVKp",12,"dgBq1boWYeZ0LkJ3rXaD"
367,"q9pwa0kxLBnVLgVj136l",1,"dgBq1boWYeZ0LkJ3rXaD"
368,"XyeZRGx9YjD4QB80gWlP",6,"dgBq1boWYeZmLkJ3rXaD"
369,"y7Do6jgkY0VjQ8BAdKX0",6,"dgBq1boWYeZmLkJ3rXaD"
370,"q9pwa0kxLBnVLgVj136l",1,"dgBq1boWYeZmLkJ3rXaD"
371,"27gw0k38L4qrQWevJxyK",2,"dgBq1boWYeerYkJ3rXaD"
372,"P1vlVrzjLrgwQao8mGKM",3,"dgBq1boWYeerYkJ3rXaD"
373,"93R0qXalLlDyLAbn8DBg",1,"dgBq1boWYeerYkJ3rXaD"
374,"yav4OK1wNER2YZP7rzJb",12,"doyA279pNz20NKRDEWm8"
375,"q9pwa0kxLBnVLgVj136l",1,"doyA279pNz20NKRDEWm8"
376,"jGXBy7a4LbMY0Pw6Vdgl",500,"doyA279pNzDjLKRDEWm8"
377,"ZjlPA8v9NMyyNEyMe2Oa",25,"doyA279pNzDjLKRDEWm8"
378,"gGZ2J71yYKMyQMmjbown",15,"doyA279pNzDjLKRDEWm8"
379,"jGXBy7a4LbMY0Pw6Vdgl",500,"doyA279pNzGxYKRDEWm8"
380,"Z6aDoyRnLy26QpV5AGXm",5,"doyA279pNzGxYKRDEWm8"
381,"93R0qXalLlDyLAbn8DBg",2,"doyA279pNzGxYKRDEWm8"
382,"1rZXlwg5YvkwLk9joDmG",3,"doyA279pNzGxYKRDEWm8"
383,"PjVDJez3LD6zNKWO08Ga",2,"doyA279pNzGxYKRDEWm8"
384,"O2xMjGdBN5MqN9P1nyrv",3,"doyA279pNzw5YKRDEWm8"
385,"XyeZRGx9YjD4QB80gWlP",3,"doyA279pNzw5YKRDEWm8"
386,"3yE1A84kYOl3Ll6XeVKp",4,"doyA279pNzw5YKRDEWm8"
387,"DBngxedVYJqlNX64wW8o",8,"doyA279pNzw5YKRDEWm8"
388,"jGXBy7a4LbMY0Pw6Vdgl",500,"gGZ2J71yYK9xQMmjbown"
389,"ElzPeorXNVlxLaW0kv53",40,"gGZ2J71yYK9xQMmjbown"
390,"y7Do6jgkY0VjQ8BAdKX0",10,"gGZ2J71yYK9xQMmjbown"
391,"P1vlVrzjLrZ9Lao8mGKM",75,"gGZ2J71yYKEpQMmjbown"
392,"27gw0k38L4pwLWevJxyK",45,"gGZ2J71yYKEpQMmjbown"
393,"O2xMjGdBN51PN9P1nyrv",25,"gGZ2J71yYKEpQMmjbown"
394,"7eA59WrBQRXJYzb62qKv",25,"gGZ2J71yYKEpQMmjbown"
395,"zvjoJW96Y8mWL3RaAylw",50,"gGZ2J71yYKEpQMmjbown"
396,"0kK49j1VN9mxNq6B2doa",10,"gGZ2J71yYKEpQMmjbown"
397,"XyeZRGx9YjW4LB80gWlP",3,"gGZ2J71yYKEpQMmjbown"
398,"jGXBy7a4LbMY0Pw6Vdgl",500,"gGZ2J71yYKapQMmjbown"
399,"jGXBy7a4LbWzQ0Pw6Vdg",50,"gGZ2J71yYKapQMmjbown"
400,"yav4OK1wNER2YZP7rzJb",20,"gGZ2J71yYKapQMmjbown"
401,"7eA59WrBQRpYzb62qKvp",200,"gGZ2J71yYKd4LMmjbown"
402,"ElzPeorXNVjNaW0kv53J",200,"gGZ2J71yYKd4LMmjbown"
403,"ZjlPA8v9NMyyNEyMe2Oa",20,"gGZ2J71yYKd4LMmjbown"
404,"P1vlVrzjLrgDQao8mGKM",10,"gGZ2J71yYKd4LMmjbown"
405,"Z6aDoyRnLy26QpV5AGXm",10,"gGZ2J71yYKd4LMmjbown"
406,"BRn3x72JQ2DYzOMok418",500,"gGZ2J71yYKp4LMmjbown"
407,"XyeZRGx9YjD4QB80gWlP",10,"gGZ2J71yYKp4LMmjbown"
408,"lrx463VdQgD9N5w1zWKP",35,"gGZ2J71yYKp4LMmjbown"
409,"jGXBy7a4LbMY0Pw6Vdgl",500,"j98bO5w1QP2BY3xkREVJ"
410,"BRn3x72JQ26lQzOMok41",50,"j98bO5w1QP2BY3xkREVJ"
411,"yav4OK1wNER2YZP7rzJb",30,"j98bO5w1QP2BY3xkREVJ"
412,"O2xMjGdBN5MqN9P1nyrv",3,"j98bO5w1QP3PL3xkREVJ"
413,"dgBq1boWYek4QkJ3rXaD",4,"j98bO5w1QP3PL3xkREVJ"
414,"XyeZRGx9YjD4QB80gWlP",3,"j98bO5w1QP3PL3xkREVJ"
415,"y7Do6jgkY01jL8BAdKX0",5,"j98bO5w1QP3PL3xkREVJ"
416,"7eA59WrBQRpYzb62qKvp",5,"j98bO5w1QPmjN3xkREVJ"
417,"brz9RZnWN7aLKAp0Mdle",20,"j98bO5w1QPmjN3xkREVJ"
418,"JZdg5V3PQoXyNEyWq0zl",1,"j98bO5w1QPmjN3xkREVJ"
419,"jGXBy7a4LbMY0Pw6Vdgl",500,"j98bO5w1QPwEL3xkREVJ"
420,"P1vlVrzjLrgDQao8mGKM",30,"j98bO5w1QPwEL3xkREVJ"
421,"ZqEegBydNwJ0QkA59J61",15,"j98bO5w1QPwEL3xkREVJ"
422,"jGXBy7a4LbMY0Pw6Vdgl",500,"jGXBy7a4LbM4Y0Pw6Vdg"
423,"RVrBKlPdNdOxQWG8xJe9",9,"jGXBy7a4LbM4Y0Pw6Vdg"
424,"jGXBy7a4LbMY0Pw6Vdgl",500,"jGXBy7a4LbP7N0Pw6Vdg"
425,"bAB1E9poQqDbLnakeJj5",25,"jGXBy7a4LbP7N0Pw6Vdg"
426,"JVM29l7kQZW5N80q6WDG",10,"jGXBy7a4LbP7N0Pw6Vdg"
427,"jGXBy7a4LbMY0Pw6Vdgl",500,"jGXBy7a4Lbg1Q0Pw6Vdg"
428,"oaJydnOmQWlZNbgRe5ME",5,"jGXBy7a4Lbg1Q0Pw6Vdg"
429,"ZqEegBydNwJ0QkA59J61",30,"jGXBy7a4Lbg1Q0Pw6Vdg"
430,"1rZXlwg5YvkwLk9joDmG",10,"jGXBy7a4Lbg1Q0Pw6Vdg"
431,"jGXBy7a4LbMY0Pw6Vdgl",500,"lrx463VdQgGAQ5w1zWKP"
432,"O2xMjGdBN5MqN9P1nyrv",10,"lrx463VdQgGAQ5w1zWKP"
433,"oaJydnOmQWlZNbgRe5ME",3,"lrx463VdQgGAQ5w1zWKP"
434,"jGXBy7a4LbMY0Pw6Vdgl",500,"lrx463VdQggxQ5w1zWKP"
435,"y7Do6jgkY0VjQ8BAdKX0",15,"lrx463VdQggxQ5w1zWKP"
436,"JVM29l7kQZW5N80q6WDG",3,"lrx463VdQggxQ5w1zWKP"
437,"jGXBy7a4LbMY0Pw6Vdgl",500,"lrx463VdQgwaQ5w1zWKP"
438,"jGXBy7a4LbWzQ0Pw6Vdg",20,"lrx463VdQgwaQ5w1zWKP"
439,"BPjze3x2Q31OYR85vgZV",30,"lrx463VdQgwaQ5w1zWKP"
440,"jGXBy7a4LbMY0Pw6Vdgl",500,"mK5jqPopYG2KNrOzDRGV"
441,"3yE1A84kYOl3Ll6XeVKp",20,"mK5jqPopYG2KNrOzDRGV"
442,"JZdg5V3PQoD9NEyWq0zl",20,"mK5jqPopYG2KNrOzDRGV"
443,"1rZXlwg5YvkwLk9joDmG",15,"mK5jqPopYG2KNrOzDRGV"
444,"P1vlVrzjLrgDQao8mGKM",3,"mK5jqPopYG38YrOzDRGV"
445,"P1vlVrzjLrgwQao8mGKM",6,"mK5jqPopYG38YrOzDRGV"
446,"lrx463VdQgD9N5w1zWKP",12,"mK5jqPopYGKOYrOzDRGV"
447,"q9pwa0kxLBnVLgVj136l",1,"mK5jqPopYGKOYrOzDRGV"
448,"jGXBy7a4LbMY0Pw6Vdgl",500,"mK5jqPopYGgeYrOzDRGV"
449,"P1vlVrzjLrgDQao8mGKM",35,"mK5jqPopYGgeYrOzDRGV"
450,"3Zbym56qLxg5YBRp7Eek",15,"mK5jqPopYGgeYrOzDRGV"
451,"XjEaOeBkLayrLlGwxVPq",30,"mK5jqPopYGgeYrOzDRGV"
452,"O2xMjGdBN5M6N9P1nyrv",1,"njoPWKDkLX3VY06ZOX79"
453,"JVM29l7kQZW5N80q6WDG",5,"njoPWKDkLXBxN06ZOX79"
454,"q9pwa0kxLBnVLgVj136l",1,"njoPWKDkLXBxN06ZOX79"
455,"BRn3x72JQ2DYzOMok418",500,"oZwey82VNA9PND0dXM3g"
456,"lrx463VdQgD9N5w1zWKP",30,"oZwey82VNA9PND0dXM3g"
457,"oaJydnOmQWlZNbgRe5ME",5,"oZwey82VNA9PND0dXM3g"
458,"Rv5g4z1dQnEGLqy32jpG",15,"oZwey82VNA9PND0dXM3g"
459,"jGXBy7a4LbMY0Pw6Vdgl",500,"oZwey82VNAEMND0dXM3g"
460,"3Zbym56qLxg5YBRp7Eek",50,"oZwey82VNAEMND0dXM3g"
461,"zvjoJW96Y8mWL3RaAylw",20,"oZwey82VNAEMND0dXM3g"
462,"BRn3x72JQ2DYzOMok418",500,"oZwey82VNAX2QD0dXM3g"
463,"ElzPeorXNVlxLaW0kv53",30,"oZwey82VNAX2QD0dXM3g"
464,"y7Do6jgkY0VjQ8BAdKX0",30,"oZwey82VNAX2QD0dXM3g"
465,"XyeZRGx9YjKLB80gWlPa",300,"oZwey82VNAdPQD0dXM3g"
466,"Ro31P7kZL6AYveGxXOy5",200,"oZwey82VNAdPQD0dXM3g"
467,"Ro31P7kZL6r6LveGxXOy",20,"oZwey82VNAdPQD0dXM3g"
468,"3yE1A84kYOl3Ll6XeVKp",15,"oZwey82VNAdPQD0dXM3g"
469,"jGXBy7a4LbWzQ0Pw6Vdg",30,"oZwey82VNAdPQD0dXM3g"
470,"gGZ2J71yYKMyQMmjbown",30,"oZwey82VNAdPQD0dXM3g"
471,"yav4OK1wNER2YZP7rzJb",10,"oZwey82VNAdPQD0dXM3g"
472,"BRn3x72JQ2DYzOMok418",500,"oZwey82VNAqMND0dXM3g"
473,"dgBq1boWYek4QkJ3rXaD",45,"oZwey82VNAqMND0dXM3g"
474,"oZwey82VNAKnLD0dXM3g",4,"oZwey82VNAqMND0dXM3g"
475,"B2WEpv54NmORLj1xJrXk",4,"oZwey82VNAqMND0dXM3g"
476,"7eA59WrBQRpYzb62qKvp",250,"oaJydnOmQWEaYbgRe5ME"
477,"ElzPeorXNVjNaW0kv53J",150,"oaJydnOmQWEaYbgRe5ME"
478,"XyeZRGx9YjKLB80gWlPa",100,"oaJydnOmQWEaYbgRe5ME"
479,"O2xMjGdBN5MqN9P1nyrv",10,"oaJydnOmQWEaYbgRe5ME"
480,"dgBq1boWYek4QkJ3rXaD",15,"oaJydnOmQWEaYbgRe5ME"
481,"q9pwa0kxLBVpLgVj136l",30,"oaJydnOmQWEaYbgRe5ME"
482,"BRn3x72JQ2DYzOMok418",500,"oaJydnOmQWRaLbgRe5ME"
483,"6leApVoENkKlN7nRPy2D",1,"oaJydnOmQWRaLbgRe5ME"
484,"mK5jqPopYGM2QrOzDRGV",100,"oaJydnOmQWRaLbgRe5ME"
485,"jGXBy7a4LbMY0Pw6Vdgl",500,"oaJydnOmQWddNbgRe5ME"
486,"27gw0k38L4qrQWevJxyK",5,"oaJydnOmQWddNbgRe5ME"
487,"O2xMjGdBN5MqN9P1nyrv",40,"oaJydnOmQWddNbgRe5ME"
488,"gGZ2J71yYKMyQMmjbown",5,"oaJydnOmQWddNbgRe5ME"
489,"jGXBy7a4LbMY0Pw6Vdgl",500,"oaJydnOmQWodQbgRe5ME"
490,"O2xMjGdBN5MqN9P1nyrv",10,"oaJydnOmQWodQbgRe5ME"
491,"27gw0k38L4qZQWevJxyK",15,"oaJydnOmQWodQbgRe5ME"
492,"BRn3x72JQ2DYzOMok418",500,"oaJydnOmQWx9NbgRe5ME"
493,"BRn3x72JQ26lQzOMok41",50,"oaJydnOmQWx9NbgRe5ME"
494,"j98bO5w1QPvlY3xkREVJ",20,"oaJydnOmQWx9NbgRe5ME"
495,"BRn3x72JQ2DYzOMok418",500,"q9pwa0kxLBE8YgVj136l"
496,"XyeZRGx9YjD4QB80gWlP",6,"q9pwa0kxLBE8YgVj136l"
497,"3yE1A84kYOl3Ll6XeVKp",10,"q9pwa0kxLBE8YgVj136l"
498,"PjVDJez3LD6zNKWO08Ga",6,"q9pwa0kxLBE8YgVj136l"
499,"XjEaOeBkLayrLlGwxVPq",10,"q9pwa0kxLBE8YgVj136l"
500,"njoPWKDkLXeAQ06ZOX79",5,"q9pwa0kxLBE8YgVj136l"
501,"lrx463VdQgD9N5w1zWKP",4,"q9pwa0kxLBZRLgVj136l"
502,"y7Do6jgkY0VjQ8BAdKX0",1,"q9pwa0kxLBZRLgVj136l"
503,"yav4OK1wNER2YZP7rzJb",2,"q9pwa0kxLBZRLgVj136l"
504,"ZqEegBydNwJ0QkA59J61",8,"q9pwa0kxLBZRLgVj136l"
505,"Ro31P7kZL6AYveGxXOy5",300,"q9pwa0kxLBdVNgVj136l"
506,"brz9RZnWN7aLKAp0Mdle",200,"q9pwa0kxLBdVNgVj136l"
507,"lrx463VdQgD9N5w1zWKP",15,"q9pwa0kxLBdVNgVj136l"
508,"zvjoJW96Y8mWL3RaAylw",15,"q9pwa0kxLBdVNgVj136l"
509,"j98bO5w1QPvlY3xkREVJ",15,"q9pwa0kxLBdVNgVj136l"
510,"jGXBy7a4LbMY0Pw6Vdgl",500,"y7Do6jgkY07BN8BAdKX0"
511,"P1vlVrzjLrgwQao8mGKM",50,"y7Do6jgkY07BN8BAdKX0"
512,"oZwey82VNAKnLD0dXM3g",5,"y7Do6jgkY07BN8BAdKX0"
513,"jGXBy7a4LbMY0Pw6Vdgl",500,"y7Do6jgkY0EKL8BAdKX0"
514,"lrx463VdQgD9N5w1zWKP",20,"y7Do6jgkY0EKL8BAdKX0"
515,"BPjze3x2Q31OYR85vgZV",20,"y7Do6jgkY0EKL8BAdKX0"
516,"jGXBy7a4LbMY0Pw6Vdgl",500,"y7Do6jgkY0zpQ8BAdKX0"
517,"27gw0k38L4qrQWevJxyK",5,"y7Do6jgkY0zpQ8BAdKX0"
518,"O2xMjGdBN5MqN9P1nyrv",5,"y7Do6jgkY0zpQ8BAdKX0"
519,"jGXBy7a4LbWzQ0Pw6Vdg",40,"y7Do6jgkY0zpQ8BAdKX0"
520,"dgBq1boWYek4QkJ3rXaD",10,"yav4OK1wNE4zQZP7rzJb"
521,"Ro31P7kZL6r6LveGxXOy",20,"yav4OK1wNE4zQZP7rzJb"
522,"yav4OK1wNER2YZP7rzJb",12,"yav4OK1wNE4zQZP7rzJb"
523,"zvjoJW96Y8mWL3RaAylw",15,"yav4OK1wNE4zQZP7rzJb"
524,"jGXBy7a4LbMY0Pw6Vdgl",500,"yav4OK1wNEaWNZP7rzJb"
525,"njoPWKDkLXeAQ06ZOX79",30,"yav4OK1wNEaWNZP7rzJb"
526,"EWGwnXPlY111YJqekZ2R",50,"yav4OK1wNEaWNZP7rzJb"
527,"BRn3x72JQ2DYzOMok418",500,"yav4OK1wNEmxNZP7rzJb"
528,"BRn3x72JQ26lQzOMok41",45,"yav4OK1wNEmxNZP7rzJb"
529,"y7Do6jgkY01jL8BAdKX0",30,"yav4OK1wNEmxNZP7rzJb"
530,"jGXBy7a4LbMY0Pw6Vdgl",500,"yav4OK1wNEvzYZP7rzJb"
531,"JVM29l7kQZW5N80q6WDG",15,"yav4OK1wNEvzYZP7rzJb"
532,"7eA59WrBQRpYzb62qKvp",200,"yav4OK1wNEzxYZP7rzJb"
533,"ElzPeorXNVjNaW0kv53J",250,"yav4OK1wNEzxYZP7rzJb"
534,"Z6aDoyRnLy2yQpV5AGXm",20,"yav4OK1wNEzxYZP7rzJb"
535,"27gw0k38L4qrQWevJxyK",5,"yav4OK1wNEzxYZP7rzJb"
536,"3Zbym56qLxg5YBRp7Eek",20,"yav4OK1wNEzxYZP7rzJb"
537,"lrx463VdQgD9N5w1zWKP",4,"zvjoJW96Y8JXQ3RaAylw"
538,"y7Do6jgkY0VjQ8BAdKX0",1,"zvjoJW96Y8JXQ3RaAylw"
539,"q9pwa0kxLBVpLgVj136l",3,"zvjoJW96Y8JXQ3RaAylw"
540,"zvjoJW96Y8mWL3RaAylw",5,"zvjoJW96Y8JXQ3RaAylw"
541,"27gw0k38L4qrQWevJxyK",4,"zvjoJW96Y8dOY3RaAylw"
542,"brz9RZnWN7yBLKAp0Mdl",50,"zvjoJW96Y8dOY3RaAylw"
543,"1rZXlwg5YvkwLk9joDmG",30,"zvjoJW96Y8dOY3RaAylw"