"Name";"Type";"VendorValue";"id";"Quality";"Rarity";"MaximumUses";"ForgeLevelRequired";"RecipeResult"
"Ancient Parchment";"Campaign Item";1;"0kK49j1VN924Yq6B2doa";"Standard";"Extremely Common";;;
"Spicefinder Essence Crystal";"Essence Crystal";120;"0kK49j1VN9JyYq6B2doa";"Epic";"Unremarkable";;;
"Cooked Lobster";"Food";16;"0kK49j1VN9WyLq6B2doa";"Premium";"Extremely Common";;;
"Mystic Chestplate";"Chestplate";90;"0kK49j1VN9dBQq6B2doa";"Epic";"Very Rare";;;
"Abyssal Scroll";"Crafting Material";3009;"0kK49j1VN9mxNq6B2doa";"Legendary";"Unremarkable";;;
"Raptora Egg";"Pet Egg";251;"0kK49j1VN9vAYq6B2doa";"Premium";"Very Rare";;;
"Uranium Helmet";"Helmet";70;"0kK49j1VN9xBQq6B2doa";"Epic";"Somewhat Rare";;;
"Mystic Ore";"Ore";17;"0kK49j1VN9yNq6B2doap";"Epic";"Extremely Common";;;
"Windrider Greaves Recipe";"Recipe";702;"1rZXlwg5Yv1aNk9joDmG";"Legendary";"Extremely Rare";;;"gGZ2J71yYKBeNMmjbown"
"Moonshimmer Hook Recipe";"Recipe";35;"1rZXlwg5Yv2GYk9joDmG";"Premium";"Somewhat Rare";;;"dgBq1boWYe9mYkJ3rXaD"
"Cooked Herring";"Food";8;"1rZXlwg5Yv48Qk9joDmG";"Refined";"Extremely Common";;;
"Steel Ore";"Ore";7;"1rZXlwg5Yv8Qk9joDmGe";"Premium";"Extremely Common";;;
"Precision Essence";"Essence Crystal";85;"1rZXlwg5YvR8Yk9joDmG";"Premium";"Somewhat Rare";;;
"Shadow Helm";"Helmet";301;"1rZXlwg5YvXrQk9joDmG";"Legendary";"Very Rare";;;
"Piercer Recipe";"Recipe";702;"1rZXlwg5YvbkYk9joDmG";"Legendary";"Extremely Rare";;;"gGZ2J71yYKZDNMmjbown"
"Steel Chestplate";"Chestplate";45;"1rZXlwg5YveVNk9joDmG";"Premium";"Unremarkable";;;
"Cursed Talisman";"Crafting Material";15;"1rZXlwg5YvkwLk9joDmG";"Refined";"Extremely Common";;;
"Furbella Egg";"Pet Egg";251;"1rZXlwg5YvoGLk9joDmG";"Refined";"Somewhat Rare";;;
"Lead Helmet";"Helmet";40;"1rZXlwg5YvvVYk9joDmG";"Refined";"Extremely Common";;;
"Stormcaster";"Bow";301;"27gw0k38L412QWevJxyK";"Legendary";"Very Rare";;;
"Maple Bow";"Bow";50;"27gw0k38L42wNWevJxyK";"Premium";"Extremely Common";;;
"Iron Dagger";"Dagger";35;"27gw0k38L42xNWevJxyK";"Refined";"Unremarkable";;;
"Dungeon Potion";"Potion";16;"27gw0k38L44xLWevJxyK";"Standard";"Unremarkable";;;
"Voidwalker Cowl Recipe";"Recipe";802;"27gw0k38L47EYWevJxyK";"Legendary";"Extremely Rare";;;"6leApVoENkEBL7nRPy2D"
"Boulder Breaker";"Pickaxe";25;"27gw0k38L4RwNWevJxyK";"Premium";"Unremarkable";;;
"Steel Greaves";"Greaves";45;"27gw0k38L4XwLWevJxyK";"Premium";"Unremarkable";;;
"Shadowstep Greaves";"Greaves";301;"27gw0k38L4drLWevJxyK";"Legendary";"Very Rare";;;
"Strike Essence Recipe";"Recipe";100;"27gw0k38L4jxNWevJxyK";"Epic";"Somewhat Rare";;;"doyA279pNz70YKRDEWm8"
;;;"27gw0k38L4mZQWevJxyK";;;;;
"Cocoa Butter";"Campaign Item";1;"27gw0k38L4nENWevJxyK";"Standard";"Unremarkable";;;
"Chromite Bar";"Metal Bar";25;"27gw0k38L4pwLWevJxyK";"Epic";"Extremely Common";;;
"Goblin Scraps";"Crafting Material";25;"27gw0k38L4qZQWevJxyK";"Premium";"Extremely Common";;;
"Boar Tusk";"Crafting Material";35;"27gw0k38L4qrQWevJxyK";"Epic";"Extremely Common";;;
;;;"27gw0k38L4v2NWevJxyK";;;;;
"Cod";"Fish";2;"27gw0k38L4xLWevJxyKR";"Standard";"Extremely Common";;;
"Voidstep Boots Recipe";"Recipe";802;"27gw0k38L4z9NWevJxyK";"Legendary";"Extremely Rare";;;"7eA59WrBQRReQzb62qKv"
"Branchbane Hatchet";"Felling Axe";75;"3Zbym56qLx0WLBRp7Eek";"Epic";"Somewhat Rare";;;
;;;"3Zbym56qLx1PQBRp7Eek";;;;;
"Sentinel's Gauntlets Recipe";"Recipe";752;"3Zbym56qLxAyQBRp7Eek";"Legendary";"Extremely Rare";;;"JVM29l7kQZRXQ80q6WDG"
"Sunfire Recipe";"Recipe";752;"3Zbym56qLxG1YBRp7Eek";"Legendary";"Extremely Rare";;;"DBngxedVYJ5nNX64wW8o"
"Great White Shark";"Fish";45;"3Zbym56qLxRNBRp7Eekd";"Epic";"Extremely Common";;;
"Serpent's Arrow Recipe";"Recipe";451;"3Zbym56qLxb1NBRp7Eek";"Legendary";"Very Rare";;;"y7Do6jgkY0G0N8BAdKX0"
"Uranium Boots";"Boots";70;"3Zbym56qLxdWLBRp7Eek";"Epic";"Unremarkable";;;
"Snakes Head";"Crafting Material";5;"3Zbym56qLxg5YBRp7Eek";"Standard";"Extremely Common";;;
"Oreseeker Essence Crystal";"Essence Crystal";60;"3Zbym56qLxjRNBRp7Eek";"Premium";"Somewhat Rare";;;
"Draconis Egg";"Pet Egg";251;"3Zbym56qLxoPYBRp7Eek";"Refined";"Very Rare";;;
"Moonshadow Guard Recipe";"Recipe";752;"3Zbym56qLxyEQBRp7Eek";"Legendary";"Extremely Rare";;;"bAB1E9poQqeOQnakeJj5"
"Celestial Striders Recipe";"Recipe";451;"3Zbym56qLxzyNBRp7Eek";"Legendary";"Very Rare";;;"y7Do6jgkY0BDQ8BAdKX0"
"Tin Sword";"Sword";18;"3ZvrGV8RQp2yY2wgA5jD";"Standard";"Extremely Common";;;
"Timberfall Talon Recipe";"Recipe";10;"3ZvrGV8RQp5BN2wgA5jD";"Refined";"Somewhat Rare";;;"gGZ2J71yYKo3YMmjbown"
"Seasong's Lure";"Fishing Rod";10;"3ZvrGV8RQp7dL2wgA5jD";"Refined";"Somewhat Rare";;;
"Ironbark Cuirass Recipe";"Recipe";552;"3ZvrGV8RQpAmN2wgA5jD";"Legendary";"Very Rare";;;"EWGwnXPlY1o4QJqekZ2R"
"Harpy's Wings";"Crafting Material";5;"3ZvrGV8RQpGwL2wgA5jD";"Standard";"Extremely Common";;;
"Precision Potion Recipe";"Recipe";35;"3ZvrGV8RQpMyN2wgA5jD";"Premium";"Somewhat Rare";;;"1rZXlwg5YvR8Yk9joDmG"
"Iron Shield";"Shield";35;"3ZvrGV8RQpPdQ2wgA5jD";"Refined";"Unremarkable";;;
"Tampering Essence Crystal";"Essence Crystal";241;"3ZvrGV8RQpWyL2wgA5jD";"Legendary";"Somewhat Rare";;;
"Quickstrike Recipe";"Recipe";552;"3ZvrGV8RQpX8Q2wgA5jD";"Legendary";"Very Rare";;;"RVrBKlPdNd5yYWG8xJe9"
"Radiant Crest Recipe";"Recipe";251;"3ZvrGV8RQpw8L2wgA5jD";"Legendary";"Very Rare";;;"93R0qXalLlxMLAbn8DBg"
"Swiftwind Boots Recipe";"Recipe";251;"3ZvrGV8RQpzmY2wgA5jD";"Legendary";"Very Rare";;;"njoPWKDkLXm2Q06ZOX79"
"Emberfoot Greaves";"Greaves";502;"3yE1A84kYORaNl6XeVKp";"Legendary";"Very Rare";;;
;;;"3yE1A84kYOZrNl6XeVKp";;;;;
"Soulward Barrier Recipe";"Recipe";351;"3yE1A84kYOa6Ql6XeVKp";"Legendary";"Somewhat Rare";;;"mK5jqPopYGq7QrOzDRGV"
"Shadowstrike Grips Recipe";"Recipe";351;"3yE1A84kYOdDLl6XeVKp";"Legendary";"Somewhat Rare";;;"BRn3x72JQ2BZQzOMok41"
"Hammerfell Essence Crystal";"Essence Crystal";32;"3yE1A84kYOgwYl6XeVKp";"Refined";"Unremarkable";;;
"Chest of Scraps";"Crafting Material";15;"3yE1A84kYOl3Ll6XeVKp";"Refined";"Extremely Common";;;
"Viper";"Bow";502;"3yE1A84kYOoWYl6XeVKp";"Legendary";"Extremely Rare";;;
"Mystic Greaves";"Greaves";90;"3yE1A84kYOpBLl6XeVKp";"Epic";"Very Rare";;;
"Frostbite Recipe";"Recipe";351;"3yE1A84kYOqxQl6XeVKp";"Legendary";"Very Rare";;;"ZjlPA8v9NMd8QEyMe2Oa"
"Perch";"Fish";6;"3yE1A84kYOwYl6XeVKpD";"Refined";"Extremely Common";;;
"Cooked Stingray";"Food";26;"6leApVoENk1RL7nRPy2D";"Epic";"Extremely Common";;;
"Runeblade Dagger";"Dagger";602;"6leApVoENk7ZN7nRPy2D";"Legendary";"Very Rare";;;
"Stormguard Plate Recipe";"Recipe";251;"6leApVoENkA2L7nRPy2D";"Legendary";"Very Rare";;;"njoPWKDkLXJBN06ZOX79"
"Acrobatic's Essence";"Essence Crystal";181;"6leApVoENkJRQ7nRPy2D";"Epic";"Somewhat Rare";;;
;;;"6leApVoENkKlN7nRPy2D";;;;;
"Felling Essence Recipe";"Recipe";35;"6leApVoENkVRQ7nRPy2D";"Premium";"Somewhat Rare";;;"ZqEegBydNwV7QkA59J61"
"Shadowstrike Recipe";"Recipe";251;"6leApVoENkXoY7nRPy2D";"Legendary";"Very Rare";;;"PjVDJez3LDOoYKWO08Ga"
"Mercury Gauntlets";"Gauntlets";50;"6leApVoENkgmN7nRPy2D";"Premium";"Unremarkable";;;
"Vexalia Egg";"Pet Egg";251;"6leApVoENkmZL7nRPy2D";"Premium";"Very Rare";;;
"Earthshaker Recipe";"Recipe";35;"6leApVoENkqZL7nRPy2D";"Premium";"Somewhat Rare";;;"O2xMjGdBN5VPY9P1nyrv"
"Frostbite Plate";"Chestplate";401;"6leApVoENkx3Y7nRPy2D";"Legendary";"Very Rare";;;
"Leafblade Recipe";"Recipe";35;"7eA59WrBQR3JNzb62qKv";"Premium";"Somewhat Rare";;;"oaJydnOmQW9zYbgRe5ME"
"Cacao Beans";"Campaign Item";1;"7eA59WrBQR7rNzb62qKv";"Standard";"Unremarkable";;;
"Hydra's Coil";"Fishing Rod";50;"7eA59WrBQR9yLzb62qKv";"Premium";"Somewhat Rare";;;
"Shadowfang Recipe";"Recipe";652;"7eA59WrBQRArLzb62qKv";"Legendary";"Extremely Rare";;;"doyA279pNz15QKRDEWm8"
"Unyielding Fortitude";"Essence Crystal";261;"7eA59WrBQRBpQzb62qKv";"Legendary";"Unremarkable";;;
"Runebound Helm Recipe";"Recipe";953;"7eA59WrBQREjLzb62qKv";"Legendary";"Extremely Rare";;;"EWGwnXPlY1jdLJqekZ2R"
"Frostguard Visage Recipe";"Recipe";351;"7eA59WrBQRErLzb62qKv";"Legendary";"Somewhat Rare";;;"q9pwa0kxLBAvYgVj136l"
"Aerion Egg";"Pet Egg";251;"7eA59WrBQRJpQzb62qKv";"Epic";"Extremely Rare";;;
"Frostbite Walkers Recipe";"Recipe";351;"7eA59WrBQRKjNzb62qKv";"Legendary";"Very Rare";;;"RVrBKlPdNdEWYWG8xJe9"
"Frostbite Guard";"Shield";502;"7eA59WrBQRO0Nzb62qKv";"Legendary";"Very Rare";;;
"Coal Ore";"Ore";1;"7eA59WrBQRXJYzb62qKv";"Standard";"Extremely Common";;;
"Iron Sword";"Sword";35;"7eA59WrBQRapLzb62qKv";"Refined";"Unremarkable";;;
"Mercury Dagger";"Dagger";50;"7eA59WrBQRayLzb62qKv";"Premium";"Unremarkable";;;
"Steel Shield";"Shield";45;"7eA59WrBQRdyYzb62qKv";"Premium";"Unremarkable";;;
"Buffalo Horn";"Crafting Material";25;"7eA59WrBQRlKYzb62qKv";"Premium";"Extremely Common";;;
"Oak Log";"Log";1;"7eA59WrBQRpYzb62qKvp";"Standard";"Extremely Common";;;
"Molten Core Tonic Recipe";"Recipe";100;"7eA59WrBQRqpLzb62qKv";"Epic";"Somewhat Rare";;;"zvjoJW96Y8O5N3RaAylw"
"Riverbend Infusion Recipe";"Recipe";10;"7eA59WrBQRqyLzb62qKv";"Legendary";"Very Rare";;;"mK5jqPopYG6ONrOzDRGV"
"Undying Crest";"Crafting Material";35;"7eA59WrBQRvKQzb62qKv";"Epic";"Somewhat Rare";;;
"Lead Chestplate";"Chestplate";40;"93R0qXalLl6kNAbn8DBg";"Refined";"Unremarkable";;;
"Essence of Shadows";"Crafting Material";59;"93R0qXalLlDyLAbn8DBg";"Legendary";"Extremely Common";;;
"Seasong's Lure Recipe";"Recipe";10;"93R0qXalLlMdQAbn8DBg";"Refined";"Somewhat Rare";;;"3ZvrGV8RQp7dL2wgA5jD"
;;;"93R0qXalLlPkLAbn8DBg";;;;;
"Florien Egg";"Pet Egg";251;"93R0qXalLlWdYAbn8DBg";"Epic";"Extremely Rare";;;
"Emberfang Recipe";"Recipe";953;"93R0qXalLlXxLAbn8DBg";"Legendary";"Extremely Rare";;;"yav4OK1wNEZyYZP7rzJb"
"Quickstep Essence";"Essence Crystal";80;"93R0qXalLlbjNAbn8DBg";"Premium";"Somewhat Rare";;;
"Lead Ore";"Ore";5;"93R0qXalLljNAbn8DBgr";"Refined";"Extremely Common";;;
"Iron Helmet";"Helmet";35;"93R0qXalLlvkNAbn8DBg";"Refined";"Unremarkable";;;
"Impenetrable Essence";"Essence Crystal";160;"B2WEpv54Nm2xYj1xJrXk";"Epic";"Unremarkable";;;
"Winter Scarf";"Campaign Item";1;"B2WEpv54Nm30Lj1xJrXk";"Standard";"Unremarkable";;;
"Falcon's Grace Elixir Recipe";"Recipe";10;"B2WEpv54Nm6xYj1xJrXk";"Refined";"Unremarkable";;;"gGZ2J71yYKr9NMmjbown"
"Lead Gauntlets";"Gauntlets";40;"B2WEpv54Nm77Lj1xJrXk";"Refined";"Unremarkable";;;
"Solarix Egg";"Pet Egg";251;"B2WEpv54NmJKYj1xJrXk";"Epic";"Extremely Rare";;;
"Stoneheart Core";"Crafting Material";50;"B2WEpv54NmORLj1xJrXk";"Legendary";"Unremarkable";;;
"Dragonheart Plate";"Chestplate";301;"B2WEpv54NmR1Yj1xJrXk";"Legendary";"Very Rare";;;
"Cooked Turtle";"Food";23;"B2WEpv54NmZxYj1xJrXk";"Epic";"Extremely Common";;;
"Shadowstep Footwear";"Boots";301;"B2WEpv54Nml3Qj1xJrXk";"Legendary";"Very Rare";;;
"Ironbite Recipe";"Recipe";10;"B2WEpv54NmrKYj1xJrXk";"Refined";"Very Rare";;;"Z6aDoyRnLyOMNpV5AGXm"
;;;"B2WEpv54NmwjLj1xJrXk";;;;;
;;;"B2WEpv54NmznYj1xJrXk";;;;;
"Umbral Claw";"Crafting Material";15;"BPjze3x2Q31OYR85vgZV";"Refined";"Extremely Common";;;
"Bloodletter";"Dagger";351;"BPjze3x2Q391YR85vgZV";"Legendary";"Very Rare";;;
"Mystic Helmet";"Helmet";90;"BPjze3x2Q3OpQR85vgZV";"Epic";"Very Rare";;;
;;;"BPjze3x2Q3m5YR85vgZV";;;;;
"Herculean Strength Elixir Recipe";"Recipe";10;"BPjze3x2Q3ogQR85vgZV";"Refined";"Unremarkable";;;"DBngxedVYJMPNX64wW8o"
"Thunder Helm";"Helmet";552;"BPjze3x2Q3wZQR85vgZV";"Legendary";"Very Rare";;;
"Tin Gauntlets";"Gauntlets";18;"BPjze3x2Q3xpNR85vgZV";"Standard";"Extremely Common";;;
"Bulwark Brew";"Potion";130;"BPjze3x2Q3ygYR85vgZV";"Epic";"Somewhat Rare";;;
"Nightfall Sword";"Sword";853;"BRn3x72JQ20gYzOMok41";"Legendary";"Extremely Rare";;;
"Slime Extract";"Crafting Material";5;"BRn3x72JQ26lQzOMok41";"Standard";"Extremely Common";;;
"Lobster";"Fish";14;"BRn3x72JQ2DYzOMok418";"Premium";"Extremely Common";;;
"Celestial Touch Gloves Recipe";"Recipe";502;"BRn3x72JQ2MJLzOMok41";"Legendary";"Very Rare";;;"oaJydnOmQWXvNbgRe5ME"
"Cooked Cod";"Food";2;"BRn3x72JQ2XDYzOMok41";"Standard";"Extremely Common";;;
"Serpentstrike Recipe";"Recipe";502;"BRn3x72JQ2qXLzOMok41";"Legendary";"Very Rare";;;"27gw0k38L4oGYWevJxyK"
"Galeforce Speed Essence";"Essence Crystal";38;"BRn3x72JQ2rDQzOMok41";"Refined";"Unremarkable";;;
"Improved Felling axe";"Felling Axe";4;"BRn3x72JQ2v7QzOMok41";"Refined";"Unremarkable";;;
"Iron Boots";"Boots";35;"BRn3x72JQ2w7NzOMok41";"Refined";"Unremarkable";;;
"Frostbite Guard Recipe";"Recipe";502;"BRn3x72JQ2xrYzOMok41";"Legendary";"Very Rare";;;"7eA59WrBQRO0Nzb62qKv"
"Moonshot";"Bow";552;"DBngxedVYJ11NX64wW8o";"Legendary";"Very Rare";;;
"Tin Boots";"Boots";18;"DBngxedVYJ8ZQX64wW8o";"Standard";"Extremely Common";;;
"Ironclad Gauntlets";"Gauntlets";251;"DBngxedVYJB1YX64wW8o";"Legendary";"Very Rare";;;
"Frostbite Gauntlets Recipe";"Recipe";401;"DBngxedVYJJqYX64wW8o";"Legendary";"Somewhat Rare";;;"gGZ2J71yYKJDNMmjbown"
"Herculean Strength Essence";"Essence Crystal";34;"DBngxedVYJMPNX64wW8o";"Refined";"Somewhat Rare";;;
"Herring";"Fish";7;"DBngxedVYJPQX64wW8oa";"Refined";"Extremely Common";;;
"Stormbringer Recipe";"Recipe";401;"DBngxedVYJREYX64wW8o";"Legendary";"Very Rare";;;"P1vlVrzjLrn5Lao8mGKM"
"Flamebreaker Buckler Recipe";"Recipe";401;"DBngxedVYJa0NX64wW8o";"Legendary";"Very Rare";;;"3ZvrGV8RQpvZY2wgA5jD"
"Thunderclash Greaves";"Greaves";552;"DBngxedVYJobLX64wW8o";"Legendary";"Very Rare";;;
"Bone Fragment";"Crafting Material";5;"DBngxedVYJqlNX64wW8o";"Standard";"Extremely Common";;;
;;;"DBngxedVYJynNX64wW8o";;;;;
"Zephyrix Egg";"Pet Egg";251;"EWGwnXPlY10wNJqekZ2R";"Premium";"Very Rare";;;
"Minotaurs Horn";"Crafting Material";5;"EWGwnXPlY111YJqekZ2R";"Standard";"Extremely Common";;;
"Whisperblade Recipe";"Recipe";401;"EWGwnXPlY178QJqekZ2R";"Legendary";"Very Rare";;;"XjEaOeBkLagONlGwxVPq"
"Yggdrasil Essence Crystal";"Essence Crystal";211;"EWGwnXPlY1MyYJqekZ2R";"Epic";"Somewhat Rare";;;
"Mystic Gauntlets";"Gauntlets";90;"EWGwnXPlY1OvQJqekZ2R";"Epic";"Very Rare";;;
"Ironbark Cuirass";"Chestplate";552;"EWGwnXPlY1o4QJqekZ2R";"Legendary";"Very Rare";;;
"Frostbite Plate Recipe";"Recipe";401;"EWGwnXPlY1qAYJqekZ2R";"Legendary";"Somewhat Rare";;;"6leApVoENkx3Y7nRPy2D"
"Titan Power Brew Recipe";"Recipe";35;"EWGwnXPlY1xyNJqekZ2R";"Premium";"Somewhat Rare";;;"JZdg5V3PQoEKYEyWq0zl"
"Lunar Ticket";"Campaign Item";1;"EWGwnXPlY1y8YJqekZ2R";"Standard";"Extremely Common";;;
"Mercury Shield";"Shield";50;"ElzPeorXNV0pLaW0kv53";"Premium";"Unremarkable";;;
"Phoenix Soulplate";"Chestplate";853;"ElzPeorXNV1JQaW0kv53";"Legendary";"Extremely Rare";;;
"Grove Cleaver Recipe";"Recipe";35;"ElzPeorXNV3BYaW0kv53";"Premium";"Very Rare";;;"ZqEegBydNwg8NkA59J61"
"Vortex Brew Recipe";"Recipe";100;"ElzPeorXNV4jLaW0kv53";"Epic";"Somewhat Rare";;;"PjVDJez3LDRvNKWO08Ga"
"Tampering Essence Recipe";"Recipe";10;"ElzPeorXNV4pLaW0kv53";"Legendary";"Extremely Rare";;;"3ZvrGV8RQpWyL2wgA5jD"
"Ocean's Whisper";"Fishing Rod";75;"ElzPeorXNV9pQaW0kv53";"Epic";"Somewhat Rare";;;
"Stoneheart Solution";"Essence Crystal";271;"ElzPeorXNVBjNaW0kv53";"Legendary";"Very Rare";;;
"Guardian's Stride Recipe";"Recipe";401;"ElzPeorXNVK8YaW0kv53";"Legendary";"Very Rare";;;"6leApVoENklBY7nRPy2D"
"Sentinel's Gaze Recipe";"Recipe";401;"ElzPeorXNVZ3NaW0kv53";"Legendary";"Somewhat Rare";;;"zvjoJW96Y8w3N3RaAylw"
"Sentinel's Bulwark";"Shield";552;"ElzPeorXNVaJQaW0kv53";"Legendary";"Very Rare";;;
"Yew Log";"Log";2;"ElzPeorXNVjNaW0kv53J";"Standard";"Extremely Common";;;
"Lead Sword";"Sword";40;"ElzPeorXNVjjNaW0kv53";"Refined";"Extremely Common";;;
"Chromite Dagger";"Dagger";60;"ElzPeorXNVjpNaW0kv53";"Epic";"Unremarkable";;;
"Black Bear Pelt";"Crafting Material";15;"ElzPeorXNVlxLaW0kv53";"Refined";"Unremarkable";;;
"Flamebrand Recipe";"Recipe";702;"ElzPeorXNVp3LaW0kv53";"Legendary";"Extremely Rare";;;"j98bO5w1QPWPL3xkREVJ"
"Orb of Elemental Conjuring";"Crafting Material";25;"ElzPeorXNVvxNaW0kv53";"Premium";"Unremarkable";;;
"Voidrend Gauntlets Recipe";"Recipe";903;"JVM29l7kQZ2KQ80q6WDG";"Legendary";"Extremely Rare";;;"q9pwa0kxLBRbLgVj136l"
"Rivertamer Recipe";"Recipe";10;"JVM29l7kQZ3MN80q6WDG";"Refined";"Somewhat Rare";;;"mK5jqPopYGWDYrOzDRGV"
"Dawnbreaker Sword Recipe";"Recipe";903;"JVM29l7kQZ6mQ80q6WDG";"Legendary";"Extremely Rare";;;"gGZ2J71yYKXKLMmjbown"
"Cooked Perch";"Food";7;"JVM29l7kQZ8AY80q6WDG";"Refined";"Extremely Common";;;
"Fortified Essence";"Essence Crystal";75;"JVM29l7kQZAAL80q6WDG";"Premium";"Unremarkable";;;
"Iron Ore";"Ore";3;"JVM29l7kQZAL80q6WDGp";"Refined";"Extremely Common";;;
"Stormsong Recipe";"Recipe";602;"JVM29l7kQZDmY80q6WDG";"Legendary";"Very Rare";;;"jGXBy7a4Lb6DL0Pw6Vdg"
"Fangor Egg";"Pet Egg";251;"JVM29l7kQZMML80q6WDG";"Premium";"Very Rare";;;
"Forbidden Tome";"Crafting Material";35;"JVM29l7kQZW5N80q6WDG";"Epic";"Extremely Common";;;
"Iron Chestplate";"Chestplate";35;"JVM29l7kQZZwQ80q6WDG";"Refined";"Unremarkable";;;
"Copper Helmet";"Helmet";30;"JVM29l7kQZpwY80q6WDG";"Standard";"Extremely Common";;;
"Verdant Sentinel Recipe";"Recipe";903;"JVM29l7kQZxeY80q6WDG";"Legendary";"Extremely Rare";;;"Z6aDoyRnLykrNpV5AGXm"
"Improved Fishing Rod Recipe";"Recipe";10;"JZdg5V3PQo4vNEyWq0zl";"Refined";"Somewhat Rare";;;"Rv5g4z1dQnjlQqy32jpG"
"Ruined Robes";"Crafting Material";15;"JZdg5V3PQoD9NEyWq0zl";"Refined";"Extremely Common";;;
"Titan Power Essence";"Essence Crystal";70;"JZdg5V3PQoEKYEyWq0zl";"Premium";"Unremarkable";;;
"Copper Ore";"Ore";2;"JZdg5V3PQoKQEyWq0zlB";"Standard";"Extremely Common";;;
"Tin Helmet";"Helmet";18;"JZdg5V3PQoW0QEyWq0zl";"Standard";"Extremely Common";;;
"Emberwhisp Egg";"Pet Egg";251;"JZdg5V3PQoZvLEyWq0zl";"Epic";"Extremely Rare";;;
"Moonshot Recipe";"Recipe";552;"JZdg5V3PQobyLEyWq0zl";"Legendary";"Very Rare";;;"DBngxedVYJ11NX64wW8o"
"Runebound Bulwark Recipe";"Recipe";853;"JZdg5V3PQoerYEyWq0zl";"Legendary";"Extremely Rare";;;"P1vlVrzjLr14Yao8mGKM"
"Copper Chestplate";"Chestplate";30;"JZdg5V3PQok0QEyWq0zl";"Standard";"Unremarkable";;;
"Thunderclash Greaves Recipe";"Recipe";552;"JZdg5V3PQoz1LEyWq0zl";"Legendary";"Very Rare";;;"DBngxedVYJobLX64wW8o"
"Uranium Bar";"Metal Bar";35;"O2xMjGdBN51PN9P1nyrv";"Epic";"Extremely Common";;;
"Shadow Shot";"Bow";351;"O2xMjGdBN52xY9P1nyrv";"Legendary";"Very Rare";;;
"Timberfall Essence Crystal";"Essence Crystal";16;"O2xMjGdBN55MN9P1nyrv";"Standard";"Unremarkable";;;
"Yggdrasil Nectar Recipe";"Recipe";100;"O2xMjGdBN56MY9P1nyrv";"Epic";"Somewhat Rare";;;"EWGwnXPlY1MyYJqekZ2R"
"Lunarweave Boots Recipe";"Recipe";853;"O2xMjGdBN5E2N9P1nyrv";"Legendary";"Extremely Rare";;;"ElzPeorXNV7AYaW0kv53"
"Goblin Crown";"Crafting Material";59;"O2xMjGdBN5M6N9P1nyrv";"Legendary";"Extremely Common";;;
"Salmon";"Fish";3;"O2xMjGdBN5MN9P1nyrvR";"Standard";"Extremely Common";;;
"Elk Antler";"Crafting Material";25;"O2xMjGdBN5MqN9P1nyrv";"Premium";"Extremely Common";;;
"Earthshaker";"Pickaxe";50;"O2xMjGdBN5VPY9P1nyrv";"Premium";"Unremarkable";;;
"Celestial Edge";"Sword";552;"O2xMjGdBN5ZRY9P1nyrv";"Legendary";"Very Rare";;;
"Starmane Egg";"Pet Egg";251;"O2xMjGdBN5aWN9P1nyrv";"Epic";"Extremely Rare";;;
"Frostbite Legguards";"Greaves";351;"O2xMjGdBN5bqY9P1nyrv";"Legendary";"Very Rare";;;
"Lead Dagger";"Dagger";40;"O2xMjGdBN5oML9P1nyrv";"Refined";"Unremarkable";;;
"Willow Bow";"Bow";60;"O2xMjGdBN5oPL9P1nyrv";"Epic";"Extremely Common";;;
"Mercury Greaves";"Greaves";50;"O2xMjGdBN5xPQ9P1nyrv";"Premium";"Unremarkable";;;
"Runebound Bulwark";"Shield";853;"P1vlVrzjLr14Yao8mGKM";"Legendary";"Extremely Rare";;;
"Frenzy Potion Recipe";"Recipe";10;"P1vlVrzjLr89Nao8mGKM";"Legendary";"Very Rare";;;"brz9RZnWN7VaQKAp0Mdl"
"Windrider Essence Recipe";"Recipe";100;"P1vlVrzjLr8RNao8mGKM";"Epic";"Somewhat Rare";;;"RVrBKlPdNdrVLWG8xJe9"
"Claw of the Alpha";"Crafting Material";5;"P1vlVrzjLrDwNao8mGKM";"Standard";"Somewhat Rare";;;
"Birch Bow";"Bow";40;"P1vlVrzjLrG9Qao8mGKM";"Refined";"Extremely Common";;;
"Tin Dagger";"Dagger";18;"P1vlVrzjLrGRQao8mGKM";"Standard";"Extremely Common";;;
"Veinseeker";"Pickaxe";6;"P1vlVrzjLrM9Yao8mGKM";"Refined";"Unremarkable";;;
"Iron Greaves";"Greaves";35;"P1vlVrzjLrP9Nao8mGKM";"Refined";"Unremarkable";;;
;;;"P1vlVrzjLrR4Lao8mGKM";;;;;
"Mahogany Log";"Log";13;"P1vlVrzjLrRLao8mGKM2";"Epic";"Extremely Common";;;
"Steel Bar";"Metal Bar";15;"P1vlVrzjLrZ9Lao8mGKM";"Premium";"Extremely Common";;;
"Windborne Casque Recipe";"Recipe";702;"P1vlVrzjLrdbNao8mGKM";"Legendary";"Extremely Rare";;;"B2WEpv54Nmd3Qj1xJrXk"
"Ducks Mouth";"Crafting Material";25;"P1vlVrzjLrgDQao8mGKM";"Premium";"Extremely Common";;;
"Goblin Totem";"Crafting Material";5;"P1vlVrzjLrgwQao8mGKM";"Standard";"Extremely Common";;;
"Stormbringer";"Sword";401;"P1vlVrzjLrn5Lao8mGKM";"Legendary";"Very Rare";;;
"Shadowscale Egg";"Pet Egg";251;"P1vlVrzjLrwXQao8mGKM";"Refined";"Somewhat Rare";;;
"Smelting Essence Crystal";"Essence Crystal";14;"P1vlVrzjLrxRNao8mGKM";"Standard";"Extremely Common";;;
"Wraithbane Essence";"Potion";331;"P1vlVrzjLryRYao8mGKM";"Legendary";"Very Rare";;;
"Oceanic Essence";"Crafting Material";50;"PjVDJez3LD6zNKWO08Ga";"Legendary";"Extremely Common";;;
"Shadowstrike";"Dagger";251;"PjVDJez3LDOoYKWO08Ga";"Legendary";"Very Rare";;;
"Lunarweave Leggings Recipe";"Recipe";853;"PjVDJez3LDPJLKWO08Ga";"Legendary";"Extremely Rare";;;"ZqEegBydNwlVYkA59J61"
"Vortex Brew";"Potion";110;"PjVDJez3LDRvNKWO08Ga";"Epic";"Somewhat Rare";;;
"Pyroflare Egg";"Pet Egg";251;"PjVDJez3LDZoNKWO08Ga";"Epic";"Extremely Rare";;;
"Chromite Helmet";"Helmet";60;"PjVDJez3LDg5YKWO08Ga";"Epic";"Unremarkable";;;
"Celestial Crown";"Helmet";451;"PjVDJez3LDoVYKWO08Ga";"Legendary";"Extremely Rare";;;
"Uranium Ore";"Ore";13;"PjVDJez3LDvNKWO08Gaq";"Epic";"Extremely Common";;;
;;;"PjVDJez3LDyJQKWO08Ga";;;;;
"Uranium Chestplate";"Chestplate";70;"PjVDJez3LDz5NKWO08Ga";"Epic";"Somewhat Rare";;;
"Boulder Breaker Recipe";"Recipe";35;"RVrBKlPdNd3yQWG8xJe9";"Premium";"Very Rare";;;"27gw0k38L4RwNWevJxyK"
"Quickstrike";"Dagger";552;"RVrBKlPdNd5yYWG8xJe9";"Legendary";"Very Rare";;;
"Winter Hat";"Campaign Item";1;"RVrBKlPdNdAaYWG8xJe9";"Standard";"Unremarkable";;;
"Frostbite Walkers";"Boots";351;"RVrBKlPdNdEWYWG8xJe9";"Legendary";"Very Rare";;;
"Stardust Egg";"Pet Egg";251;"RVrBKlPdNdJyLWG8xJe9";"Refined";"Somewhat Rare";;;
"Void Essence";"Crafting Material";50;"RVrBKlPdNdOxQWG8xJe9";"Legendary";"Unremarkable";;;
;;;"RVrBKlPdNdZzLWG8xJe9";;;;;
"Steel Gauntlets";"Gauntlets";45;"RVrBKlPdNddgNWG8xJe9";"Premium";"Unremarkable";;;
"Protection Potion Recipe";"Recipe";35;"RVrBKlPdNdpVNWG8xJe9";"Premium";"Somewhat Rare";;;"oaJydnOmQWW2QbgRe5ME"
"Shadowcloak Vestments";"Chestplate";351;"RVrBKlPdNdqkYWG8xJe9";"Legendary";"Very Rare";;;
"Windrider Essence";"Essence Crystal";171;"RVrBKlPdNdrVLWG8xJe9";"Epic";"Unremarkable";;;
;;;"Ro31P7kZL65oYveGxXOy";;;;;
"Unyielding Fortitude Recipe";"Recipe";10;"Ro31P7kZL675QveGxXOy";"Legendary";"Very Rare";;;"7eA59WrBQRBpQzb62qKv"
"Bulwark Brew Recipe";"Recipe";100;"Ro31P7kZL67AQveGxXOy";"Epic";"Somewhat Rare";;;"BPjze3x2Q3ygYR85vgZV"
"Mystic Dagger";"Dagger";90;"Ro31P7kZL695YveGxXOy";"Epic";"Very Rare";;;
"Mercury Sword";"Sword";50;"Ro31P7kZL69AYveGxXOy";"Premium";"Extremely Common";;;
"Tin Bar";"Metal Bar";5;"Ro31P7kZL6A5YveGxXOy";"Standard";"Extremely Common";;;
"Birch Log";"Log";5;"Ro31P7kZL6AYveGxXOy5";"Refined";"Extremely Common";;;
"Emberfoot Boots Recipe";"Recipe";502;"Ro31P7kZL6EoYveGxXOy";"Legendary";"Very Rare";;;"j98bO5w1QPV9Y3xkREVJ"
"Emberfire Helm Recipe";"Recipe";502;"Ro31P7kZL6MJYveGxXOy";"Legendary";"Very Rare";;;"0kK49j1VN9w7Lq6B2doa"
"Twinstrike Elixir";"Essence Crystal";291;"Ro31P7kZL6RALveGxXOy";"Legendary";"Very Rare";;;
"Uranium Shield";"Shield";70;"Ro31P7kZL6X5NveGxXOy";"Epic";"Somewhat Rare";;;
"Serpent Scale Recipe";"Recipe";802;"Ro31P7kZL6aoYveGxXOy";"Legendary";"Extremely Rare";;;"7eA59WrBQR10Lzb62qKv"
"Battle Potion";"Potion";10;"Ro31P7kZL6gAQveGxXOy";"Standard";"Extremely Common";;;
"Air Elemental Essence";"Crafting Material";35;"Ro31P7kZL6m6YveGxXOy";"Epic";"Somewhat Rare";;;
"Milk";"Campaign Item";1;"Ro31P7kZL6nJLveGxXOy";"Standard";"Unremarkable";;;
"Lions Teeth";"Crafting Material";15;"Ro31P7kZL6r6LveGxXOy";"Refined";"Extremely Common";;;
"Thunderstrike Barrier";"Shield";652;"Ro31P7kZL6vOLveGxXOy";"Legendary";"Extremely Rare";;;
;;;"Rv5g4z1dQnDKYqy32jpG";;;;;
"Minotaur Hide";"Crafting Material";25;"Rv5g4z1dQnEGLqy32jpG";"Premium";"Unremarkable";;;
"Tin Shield";"Shield";18;"Rv5g4z1dQnPlYqy32jpG";"Standard";"Extremely Common";;;
"Serpent's Kiss Recipe";"Recipe";451;"Rv5g4z1dQnXKYqy32jpG";"Legendary";"Very Rare";;;"njoPWKDkLXAVQ06ZOX79"
"Stormguard Shield";"Shield";301;"Rv5g4z1dQndWYqy32jpG";"Legendary";"Very Rare";;;
"Improved Fishing Rod";"Fishing Rod";4;"Rv5g4z1dQnjlQqy32jpG";"Refined";"Unremarkable";;;
"Cooked Great White Shark";"Food";50;"Rv5g4z1dQnk9Nqy32jpG";"Epic";"Extremely Common";;;
"Sentinel's Embrace Recipe";"Recipe";451;"Rv5g4z1dQnm6Lqy32jpG";"Legendary";"Very Rare";;;"doyA279pNzkwYKRDEWm8"
"Fortified Protection Recipe";"Recipe";35;"Rv5g4z1dQnp9Yqy32jpG";"Premium";"Somewhat Rare";;;"JVM29l7kQZAAL80q6WDG"
"Ethereal Gem";"Campaign Item";1;"XjEaOeBkLa2ZQlGwxVPq";"Standard";"Extremely Common";;;
"Improved Pickaxe Recipe";"Recipe";10;"XjEaOeBkLa3ONlGwxVPq";"Refined";"Somewhat Rare";;;"ZjlPA8v9NMlnQEyMe2Oa"
"Bladeburst Elixir";"Potion";140;"XjEaOeBkLa7MNlGwxVPq";"Epic";"Somewhat Rare";;;
"Cooked Crab";"Food";18;"XjEaOeBkLaJMQlGwxVPq";"Premium";"Extremely Common";;;
"Copper Gauntlets";"Gauntlets";30;"XjEaOeBkLaVJQlGwxVPq";"Standard";"Unremarkable";;;
"Buttons";"Campaign Item";1;"XjEaOeBkLaWZNlGwxVPq";"Standard";"Unremarkable";;;
"Whisperblade";"Dagger";401;"XjEaOeBkLagONlGwxVPq";"Legendary";"Very Rare";;;
"Bastion Elixir Recipe";"Recipe";10;"XjEaOeBkLakMNlGwxVPq";"Refined";"Unremarkable";;;"jGXBy7a4LbqMY0Pw6Vdg"
;;;"XjEaOeBkLap7YlGwxVPq";;;;;
"Golem Core Fragment";"Crafting Material";15;"XjEaOeBkLayrLlGwxVPq";"Refined";"Extremely Common";;;
;;;"XyeZRGx9Yj21YB80gWlP";;;;;
"Celestial Crown Recipe";"Recipe";451;"XyeZRGx9Yj2nYB80gWlP";"Legendary";"Very Rare";;;"PjVDJez3LDoVYKWO08Ga"
"Branchbane Hatchet Recipe";"Recipe";100;"XyeZRGx9Yj7PLB80gWlP";"Epic";"Extremely Rare";;;"3Zbym56qLx0WLBRp7Eek"
"Celestial Aegis";"Shield";602;"XyeZRGx9YjA8NB80gWlP";"Legendary";"Extremely Rare";;;
"Ivory";"Crafting Material";35;"XyeZRGx9YjD4QB80gWlP";"Epic";"Extremely Common";;;
"Crystalheart Plate Recipe";"Recipe";752;"XyeZRGx9YjJ1YB80gWlP";"Legendary";"Extremely Rare";;;"dgBq1boWYebjLkJ3rXaD"
"Spruce Log";"Log";3;"XyeZRGx9YjKLB80gWlPa";"Refined";"Extremely Common";;;
"Shieldbearer's Infusion Recipe";"Recipe";10;"XyeZRGx9YjP2QB80gWlP";"Legendary";"Very Rare";;;"dgBq1boWYeB0LkJ3rXaD"
"Spicefinder Essence Crystal Recipe";"Recipe";100;"XyeZRGx9YjPKQB80gWlP";"Epic";"Somewhat Rare";;;"0kK49j1VN9JyYq6B2doa"
"Lightning Sprint";"Essence Crystal";281;"XyeZRGx9YjRKYB80gWlP";"Legendary";"Very Rare";;;
"Soulshard Recipe";"Recipe";752;"XyeZRGx9YjXnQB80gWlP";"Legendary";"Extremely Rare";;;"EWGwnXPlY19wYJqekZ2R"
"Celestial Ascenders Recipe";"Recipe";451;"XyeZRGx9YjZ1YB80gWlP";"Legendary";"Very Rare";;;"doyA279pNzOAYKRDEWm8"
"Uranium Dagger";"Dagger";70;"XyeZRGx9Yjk2LB80gWlP";"Epic";"Unremarkable";;;
"Steel Sword";"Sword";45;"XyeZRGx9YjkKLB80gWlP";"Premium";"Extremely Common";;;
;;;"Z6aDoyRnLy06YpV5AGXm";;;;;
"Goblin Pouch";"Crafting Material";25;"Z6aDoyRnLy26QpV5AGXm";"Premium";"Extremely Common";;;
"Deer Antler";"Crafting Material";15;"Z6aDoyRnLy2yQpV5AGXm";"Refined";"Extremely Common";;;
"Stormbreaker Boots Recipe";"Recipe";752;"Z6aDoyRnLy4oYpV5AGXm";"Legendary";"Extremely Rare";;;"dgBq1boWYeWgQkJ3rXaD"
"Chefs Essence Crystal";"Essence Crystal";15;"Z6aDoyRnLy6kQpV5AGXm";"Standard";"Extremely Common";;;
"Sugar";"Campaign Item";1;"Z6aDoyRnLy7JNpV5AGXm";"Standard";"Unremarkable";;;
"Acrobatic's Essence Recipe";"Recipe";100;"Z6aDoyRnLy8kYpV5AGXm";"Epic";"Somewhat Rare";;;"6leApVoENkJRQ7nRPy2D"
"Mercury Bar";"Metal Bar";20;"Z6aDoyRnLyDMYpV5AGXm";"Premium";"Extremely Common";;;
"Whisperwind Bow";"Bow";251;"Z6aDoyRnLyErLpV5AGXm";"Legendary";"Very Rare";;;
"Lead Greaves";"Greaves";40;"Z6aDoyRnLyGMNpV5AGXm";"Refined";"Unremarkable";;;
"Ironbite";"Pickaxe";10;"Z6aDoyRnLyOMNpV5AGXm";"Refined";"Unremarkable";;;
"Banyan Bow";"Bow";45;"Z6aDoyRnLyPMYpV5AGXm";"Premium";"Extremely Common";;;
"Copper Dagger";"Dagger";30;"Z6aDoyRnLyPkYpV5AGXm";"Standard";"Unremarkable";;;
"Blooplord Egg";"Pet Egg";251;"Z6aDoyRnLyZRQpV5AGXm";"Refined";"Very Rare";;;
"Mystical Log";"Log";17;"Z6aDoyRnLykNpV5AGXmk";"Epic";"Extremely Common";;;
"Stormbreaker Helm Recipe";"Recipe";752;"Z6aDoyRnLylJYpV5AGXm";"Legendary";"Extremely Rare";;;"RVrBKlPdNdPWNWG8xJe9"
;;;"Z6aDoyRnLymJLpV5AGXm";;;;;
"Doomblade";"Sword";451;"Z6aDoyRnLyo9NpV5AGXm";"Legendary";"Very Rare";;;
;;;"Z6aDoyRnLyzoQpV5AGXm";;;;;
"Fluffy Egg";"Pet Egg";251;"ZjlPA8v9NM1eNEyMe2Oa";"Standard";"Unremarkable";;;
"Anglers Essence Crystal";"Essence Crystal";13;"ZjlPA8v9NM4XQEyMe2Oa";"Standard";"Extremely Common";;;
"Shadowbane Visor Recipe";"Recipe";652;"ZjlPA8v9NMEpNEyMe2Oa";"Legendary";"Extremely Rare";;;"njoPWKDkLXM2Q06ZOX79"
"Impenetrable Essence Recipe";"Recipe";100;"ZjlPA8v9NMRXYEyMe2Oa";"Epic";"Somewhat Rare";;;"B2WEpv54Nm2xYj1xJrXk"
"Twinstrike Elixir Recipe";"Recipe";10;"ZjlPA8v9NMRnYEyMe2Oa";"Legendary";"Very Rare";;;"Ro31P7kZL6RALveGxXOy"
"Willow Log";"Log";11;"ZjlPA8v9NMXQEyMe2OaW";"Epic";"Extremely Common";;;
"Mystic Sword";"Sword";90;"ZjlPA8v9NMaXNEyMe2Oa";"Epic";"Very Rare";;;
"Spruce Bow";"Bow";35;"ZjlPA8v9NManNEyMe2Oa";"Refined";"Extremely Common";;;
"Frostbite";"Sword";351;"ZjlPA8v9NMd8QEyMe2Oa";"Legendary";"Very Rare";;;
"Lead Bar";"Metal Bar";9;"ZjlPA8v9NMgnLEyMe2Oa";"Refined";"Extremely Common";;;
"Improved Pickaxe";"Pickaxe";4;"ZjlPA8v9NMlnQEyMe2Oa";"Refined";"Unremarkable";;;
"Copper Greaves";"Greaves";30;"ZjlPA8v9NMmnNEyMe2Oa";"Standard";"Unremarkable";;;
"Dragonblood Tonic";"Potion";321;"ZjlPA8v9NMoXLEyMe2Oa";"Legendary";"Very Rare";;;
"Water Elemental Essence";"Crafting Material";35;"ZjlPA8v9NMvbYEyMe2Oa";"Epic";"Somewhat Rare";;;
"Shadowbane Footguards Recipe";"Recipe";652;"ZjlPA8v9NMxmQEyMe2Oa";"Legendary";"Extremely Rare";;;"mK5jqPopYGDwLrOzDRGV"
"Wolf Pelt";"Crafting Material";15;"ZjlPA8v9NMybNEyMe2Oa";"Refined";"Unremarkable";;;
"Lucky Rabbit Foot";"Crafting Material";25;"ZjlPA8v9NMyyNEyMe2Oa";"Premium";"Extremely Common";;;
"Cooked Tuna";"Food";5;"ZqEegBydNw57LkA59J61";"Standard";"Extremely Common";;;
"Lantern Fish";"Fish";35;"ZqEegBydNw7NkA59J61b";"Epic";"Extremely Common";;;
"Djinn's Bottle";"Crafting Material";5;"ZqEegBydNwJ0QkA59J61";"Standard";"Extremely Common";;;
"Felling Essence Crystal";"Essence Crystal";55;"ZqEegBydNwV7QkA59J61";"Premium";"Unremarkable";;;
"Nightshade Bow";"Bow";853;"ZqEegBydNwXMYkA59J61";"Legendary";"Extremely Rare";;;
"Grove Cleaver";"Felling Axe";50;"ZqEegBydNwg8NkA59J61";"Premium";"Somewhat Rare";;;
"Lunarweave Leggings";"Greaves";853;"ZqEegBydNwlVYkA59J61";"Legendary";"Extremely Rare";;;
"Aquastar Egg";"Pet Egg";251;"ZqEegBydNwo5NkA59J61";"Standard";"Somewhat Rare";;;
"Shadowstep Gauntlets Recipe";"Recipe";702;"ZqEegBydNwpzYkA59J61";"Legendary";"Extremely Rare";;;"JZdg5V3PQoyAYEyWq0zl"
"Frostbite Shot Recipe";"Recipe";401;"ZqEegBydNwvoQkA59J61";"Legendary";"Somewhat Rare";;;"lrx463VdQgKmQ5w1zWKP"
"Chromite Boots";"Boots";60;"ZqEegBydNwx8YkA59J61";"Epic";"Unremarkable";;;
"Sentinel's Resolve Recipe";"Recipe";401;"ZqEegBydNwzzQkA59J61";"Legendary";"Somewhat Rare";;;"lrx463VdQg1gY5w1zWKP"
;;;"bAB1E9poQq1EQnakeJj5";;;;;
;;;"bAB1E9poQq7OYnakeJj5";;;;;
"Lightning Sprint Recipe";"Recipe";10;"bAB1E9poQq8VLnakeJj5";"Legendary";"Extremely Rare";;;"XyeZRGx9YjRKYB80gWlP"
"Ironclad Tonic Recipe";"Recipe";100;"bAB1E9poQq8kLnakeJj5";"Epic";"Somewhat Rare";;;"njoPWKDkLXwxY06ZOX79"
"Raccoon Fur";"Crafting Material";15;"bAB1E9poQqDbLnakeJj5";"Refined";"Unremarkable";;;
"Yew Bow";"Bow";30;"bAB1E9poQqEVQnakeJj5";"Standard";"Extremely Common";;;
"Uranium Sword";"Sword";70;"bAB1E9poQqEkQnakeJj5";"Epic";"Somewhat Rare";;;
"Earth Elemental Essence";"Crafting Material";35;"bAB1E9poQqGbYnakeJj5";"Epic";"Very Rare";;;
"Iron Bar";"Metal Bar";8;"bAB1E9poQqPVLnakeJj5";"Refined";"Extremely Common";;;
;;;"bAB1E9poQqVnNnakeJj5";;;;;
"Nutwhisker Egg";"Pet Egg";251;"bAB1E9poQqW6YnakeJj5";"Refined";"Somewhat Rare";;;
"Maple Log";"Log";9;"bAB1E9poQqkYnakeJj56";"Premium";"Extremely Common";;;
"Duskblade Recipe";"Recipe";903;"bAB1E9poQqn0NnakeJj5";"Legendary";"Extremely Rare";;;"3ZvrGV8RQprBY2wgA5jD"
"Soulrender";"Sword";301;"bAB1E9poQqpgLnakeJj5";"Legendary";"Very Rare";;;
"Simple Pickaxe";"Pickaxe";1;"bAB1E9poQqqVQnakeJj5";"Standard";"Extremely Common";;;
"Gourmet Essence Crystal";"Essence Crystal";311;"bAB1E9poQqrkNnakeJj5";"Legendary";"Very Rare";;;
"Miners Essence Crystal";"Essence Crystal";12;"bAB1E9poQqwkYnakeJj5";"Standard";"Extremely Common";;;
"Otto's Mask Recipe";"Recipe";602;"bAB1E9poQqx0LnakeJj5";"Legendary";"Extremely Rare";;;"XjEaOeBkLabBQlGwxVPq"
"Tin Greaves";"Greaves";18;"bAB1E9poQqyVQnakeJj5";"Standard";"Extremely Common";;;
"Lumberjack Essence Crystal";"Essence Crystal";11;"brz9RZnWN70aYKAp0Mdl";"Standard";"Extremely Common";;;
"Eclipse Recipe";"Recipe";853;"brz9RZnWN759LKAp0Mdl";"Legendary";"Extremely Rare";;;"mK5jqPopYGb8NrOzDRGV"
;;;"brz9RZnWN7EGLKAp0Mdl";;;;;
"Frenzy Potion";"Potion";301;"brz9RZnWN7VaQKAp0Mdl";"Legendary";"Very Rare";;;
"Copper Bar";"Metal Bar";6;"brz9RZnWN7WDNKAp0Mdl";"Standard";"Extremely Common";;;
"Oak Bow";"Bow";18;"brz9RZnWN7ZDQKAp0Mdl";"Standard";"Extremely Common";;;
"Chromite Sword";"Sword";60;"brz9RZnWN7ZaQKAp0Mdl";"Epic";"Extremely Common";;;
"Shadowbane";"Sword";251;"brz9RZnWN7a4LKAp0Mdl";"Legendary";"Very Rare";;;
"Banyan Log";"Log";7;"brz9RZnWN7aLKAp0Mdle";"Premium";"Extremely Common";;;
"Shelly Egg";"Pet Egg";251;"brz9RZnWN7dAYKAp0Mdl";"Standard";"Somewhat Rare";;;
;;;"brz9RZnWN7geNKAp0Mdl";;;;;
"Fire Elemental Essence";"Crafting Material";35;"brz9RZnWN7mBLKAp0Mdl";"Epic";"Somewhat Rare";;;
"Stoneheart Solution Recipe";"Recipe";10;"brz9RZnWN7qDLKAp0Mdl";"Legendary";"Very Rare";;;"ElzPeorXNVBjNaW0kv53"
"Bladeburst Elixir Recipe";"Recipe";100;"brz9RZnWN7qaLKAp0Mdl";"Epic";"Somewhat Rare";;;"XjEaOeBkLa7MNlGwxVPq"
"Thunder Helm Recipe";"Recipe";552;"brz9RZnWN7r9QKAp0Mdl";"Legendary";"Very Rare";;;"BPjze3x2Q3wZQR85vgZV"
"Essenceweave Shield";"Shield";702;"brz9RZnWN7v2QKAp0Mdl";"Legendary";"Extremely Rare";;;
"Polar Bear Pelt";"Crafting Material";15;"brz9RZnWN7yBLKAp0Mdl";"Refined";"Unremarkable";;;
"Ashenfire Boots Recipe";"Recipe";903;"dgBq1boWYe1lYkJ3rXaD";"Legendary";"Extremely Rare";;;"XyeZRGx9Yj5zNB80gWlP"
"Flameguard Plate Recipe";"Recipe";602;"dgBq1boWYe4wNkJ3rXaD";"Legendary";"Extremely Rare";;;"Rv5g4z1dQnVWQqy32jpG"
"Shadowstep Footwear Recipe";"Recipe";301;"dgBq1boWYe8wNkJ3rXaD";"Legendary";"Somewhat Rare";;;"B2WEpv54Nml3Qj1xJrXk"
"Moonshimmer Hook";"Fishing Rod";25;"dgBq1boWYe9mYkJ3rXaD";"Premium";"Unremarkable";;;
"Shadow Helm Recipe";"Recipe";301;"dgBq1boWYeA9YkJ3rXaD";"Legendary";"Very Rare";;;"1rZXlwg5YvXrQk9joDmG"
"Ashenfire Crown Recipe";"Recipe";903;"dgBq1boWYeAwYkJ3rXaD";"Legendary";"Extremely Rare";;;"j98bO5w1QPD9Q3xkREVJ"
"Shieldbearer's Infusion";"Potion";251;"dgBq1boWYeB0LkJ3rXaD";"Legendary";"Extremely Rare";;;
;;;"dgBq1boWYeEgYkJ3rXaD";;;;;
"Lead Shield";"Shield";40;"dgBq1boWYeMmYkJ3rXaD";"Refined";"Unremarkable";;;
"Runeblade Dagger Recipe";"Recipe";602;"dgBq1boWYeX9NkJ3rXaD";"Legendary";"Very Rare";;;"6leApVoENk7ZN7nRPy2D"
"Merfolk Essence Recipe";"Recipe";35;"dgBq1boWYeZ0LkJ3rXaD";"Premium";"Somewhat Rare";;;"q9pwa0kxLBoJQgVj136l"
"Earthcore Infusion Recipe";"Recipe";10;"dgBq1boWYeZmLkJ3rXaD";"Legendary";"Somewhat Rare";;;"Rv5g4z1dQnK9Nqy32jpG"
"Wildwood Chopper Recipe";"Recipe";10;"dgBq1boWYeerYkJ3rXaD";"Refined";"Very Rare";;;"yav4OK1wNEKwLZP7rzJb"
"Mystic Bar";"Metal Bar";50;"dgBq1boWYegrQkJ3rXaD";"Epic";"Extremely Common";;;
"Moose Antler";"Crafting Material";15;"dgBq1boWYek4QkJ3rXaD";"Refined";"Extremely Common";;;
"Shadowbound Ward";"Shield";451;"dgBq1boWYeljNkJ3rXaD";"Legendary";"Extremely Rare";;;
"Cursed Blade Fragment";"Crafting Material";15;"dgBq1boWYem4YkJ3rXaD";"Refined";"Unremarkable";;;
"Copper Sword";"Sword";30;"dgBq1boWYeq0YkJ3rXaD";"Standard";"Extremely Common";;;
"Steel Dagger";"Dagger";45;"dgBq1boWYeqmYkJ3rXaD";"Premium";"Unremarkable";;;
"Oreseeker Essence Crystal Recipe";"Recipe";35;"doyA279pNz20NKRDEWm8";"Premium";"Somewhat Rare";;;"3Zbym56qLxjRNBRp7Eek"
"Strike Essence";"Potion";191;"doyA279pNz70YKRDEWm8";"Epic";"Unremarkable";;;
"Venomfang Recipe";"Recipe";301;"doyA279pNzDjLKRDEWm8";"Legendary";"Very Rare";;;"0kK49j1VN9jAYq6B2doa"
"Dragonheart Plate Recipe";"Recipe";301;"doyA279pNzGxYKRDEWm8";"Legendary";"Very Rare";;;"B2WEpv54NmR1Yj1xJrXk"
"Celestial Ascenders";"Boots";451;"doyA279pNzOAYKRDEWm8";"Legendary";"Very Rare";;;
"Chromite Gauntlets";"Gauntlets";60;"doyA279pNzd1LKRDEWm8";"Epic";"Unremarkable";;;
"Dwarven Whetstone";"Crafting Material";5;"doyA279pNzlRLKRDEWm8";"Standard";"Extremely Common";;;
"Moonstone Ink";"Campaign Item";1;"doyA279pNznjNKRDEWm8";"Standard";"Extremely Common";;;
"Vulpina Egg";"Pet Egg";251;"doyA279pNzv5NKRDEWm8";"Epic";"Very Rare";;;
"Stone Splinter Recipe";"Recipe";100;"doyA279pNzw5YKRDEWm8";"Epic";"Extremely Rare";;;"lrx463VdQg94Y5w1zWKP"
;;;"doyA279pNzzxNKRDEWm8";;;;;
"Lead Boots";"Boots";40;"gGZ2J71yYK83LMmjbown";"Refined";"Unremarkable";;;
"Crab";"Fish";16;"gGZ2J71yYK9QMmjbown5";"Premium";"Extremely Common";;;
"Sentinel's Bulwark Recipe";"Recipe";552;"gGZ2J71yYK9xQMmjbown";"Legendary";"Very Rare";;;"ElzPeorXNVaJQaW0kv53"
"Emberfist Recipe";"Recipe";552;"gGZ2J71yYKEpQMmjbown";"Legendary";"Very Rare";;;"ZqEegBydNwqMLkA59J61"
"Frostbite Gauntlets";"Gauntlets";401;"gGZ2J71yYKJDNMmjbown";"Legendary";"Very Rare";;;
"Raw Onion";"Crafting Material";15;"gGZ2J71yYKMyQMmjbown";"Refined";"Extremely Common";;;
"Dawnbreaker Sword";"Sword";903;"gGZ2J71yYKXKLMmjbown";"Legendary";"Extremely Rare";;;
"Piercer";"Bow";702;"gGZ2J71yYKZDNMmjbown";"Legendary";"Extremely Rare";;;
"Stormstrider Greaves Recipe";"Recipe";251;"gGZ2J71yYKapQMmjbown";"Legendary";"Very Rare";;;"Z6aDoyRnLykyNpV5AGXm"
"Whisperwind Bow Recipe";"Recipe";251;"gGZ2J71yYKd4LMmjbown";"Legendary";"Very Rare";;;"Z6aDoyRnLyErLpV5AGXm"
"Timberfall Talon";"Felling Axe";6;"gGZ2J71yYKo3YMmjbown";"Refined";"Unremarkable";;;
"Celestial Edge Recipe";"Recipe";552;"gGZ2J71yYKp4LMmjbown";"Legendary";"Very Rare";;;"O2xMjGdBN5ZRY9P1nyrv"
"Falcon's Grace Essence";"Essence Crystal";40;"gGZ2J71yYKr9NMmjbown";"Refined";"Somewhat Rare";;;
"Dungeon Master's Tonic";"Potion";201;"j98bO5w1QP0jQ3xkREVJ";"Epic";"Somewhat Rare";;;
"Celestial Radiance";"Chestplate";502;"j98bO5w1QP1nN3xkREVJ";"Legendary";"Very Rare";;;
"Shadowcloak Vestments Recipe";"Recipe";351;"j98bO5w1QP2BY3xkREVJ";"Legendary";"Somewhat Rare";;;"RVrBKlPdNdqkYWG8xJe9"
"Corestrike Recipe";"Recipe";100;"j98bO5w1QP3PL3xkREVJ";"Epic";"Extremely Rare";;;"y7Do6jgkY0ZqQ8BAdKX0"
"Cooked Lantern Fish";"Food";40;"j98bO5w1QP8jQ3xkREVJ";"Epic";"Extremely Common";;;
"Whiskers Egg";"Pet Egg";251;"j98bO5w1QPJPY3xkREVJ";"Standard";"Somewhat Rare";;;
"Emberfoot Boots";"Boots";502;"j98bO5w1QPV9Y3xkREVJ";"Legendary";"Very Rare";;;
"Uranium Gauntlets";"Gauntlets";70;"j98bO5w1QPg1L3xkREVJ";"Epic";"Somewhat Rare";;;
"Attack Power Potion Recipe";"Recipe";35;"j98bO5w1QPmjN3xkREVJ";"Premium";"Somewhat Rare";;;"oZwey82VNAA6ND0dXM3g"
"Broken Dwarven Plate";"Crafting Material";35;"j98bO5w1QPvlY3xkREVJ";"Epic";"Unremarkable";;;
"Bloodletter Recipe";"Recipe";351;"j98bO5w1QPwEL3xkREVJ";"Legendary";"Somewhat Rare";;;"BPjze3x2Q391YR85vgZV"
"Stormsong";"Bow";602;"jGXBy7a4Lb6DL0Pw6Vdg";"Legendary";"Very Rare";;;
"Simple Felling Axe";"Felling Axe";1;"jGXBy7a4Lb99Y0Pw6Vdg";"Standard";"Extremely Common";;;
"Dragonfire Grasp";"Gauntlets";301;"jGXBy7a4LbDDN0Pw6Vdg";"Legendary";"Very Rare";;;
;;;"jGXBy7a4LbJKL0Pw6Vdg";;;;;
"Titan's Embrace Recipe";"Recipe";451;"jGXBy7a4LbM4Y0Pw6Vdg";"Legendary";"Very Rare";;;"yav4OK1wNE6RYZP7rzJb"
"Sardines";"Fish";8;"jGXBy7a4LbMY0Pw6Vdgl";"Premium";"Extremely Common";;;
"Shadowbound Ward Recipe";"Recipe";451;"jGXBy7a4LbP7N0Pw6Vdg";"Legendary";"Very Rare";;;"dgBq1boWYeljNkJ3rXaD"
"Long Forgotten Necklace";"Crafting Material";5;"jGXBy7a4LbWzQ0Pw6Vdg";"Standard";"Extremely Common";;;
"Copper Boots";"Boots";30;"jGXBy7a4Lbd9N0Pw6Vdg";"Standard";"Unremarkable";;;
"Doomblade Recipe";"Recipe";451;"jGXBy7a4Lbg1Q0Pw6Vdg";"Legendary";"Very Rare";;;"Z6aDoyRnLyo9NpV5AGXm"
"Soulforge Legplates";"Greaves";602;"jGXBy7a4LblaN0Pw6Vdg";"Legendary";"Extremely Rare";;;
"Bastion Essence";"Essence Crystal";36;"jGXBy7a4LbqMY0Pw6Vdg";"Refined";"Very Rare";;;
"Sentinel's Resolve";"Greaves";401;"lrx463VdQg1gY5w1zWKP";"Legendary";"Very Rare";;;
"Rocksplitter Essence Crystal";"Essence Crystal";17;"lrx463VdQg5OY5w1zWKP";"Standard";"Unremarkable";;;
"Stone Splinter";"Pickaxe";75;"lrx463VdQg94Y5w1zWKP";"Epic";"Somewhat Rare";;;
"Pirates Code";"Crafting Material";15;"lrx463VdQgD9N5w1zWKP";"Refined";"Extremely Common";;;
"Shadowbane Recipe";"Recipe";251;"lrx463VdQgGAQ5w1zWKP";"Legendary";"Very Rare";;;"brz9RZnWN7a4LKAp0Mdl"
"Frostbite Shot";"Bow";401;"lrx463VdQgKmQ5w1zWKP";"Legendary";"Very Rare";;;
"Aetherial Feather Quill";"Crafting Material";5;"lrx463VdQgO9Q5w1zWKP";"Standard";"Somewhat Rare";;;
"Tuna";"Fish";4;"lrx463VdQgOQ5w1zWKP8";"Standard";"Extremely Common";;;
"Mahogany Bow";"Bow";70;"lrx463VdQgd4N5w1zWKP";"Epic";"Extremely Common";;;
"Ironclad Gauntlets Recipe";"Recipe";251;"lrx463VdQggxQ5w1zWKP";"Legendary";"Very Rare";;;"DBngxedVYJB1YX64wW8o"
"Bloodmoon Sword";"Sword";602;"lrx463VdQgr7L5w1zWKP";"Legendary";"Very Rare";;;
"Aegis of the Seraph Recipe";"Recipe";251;"lrx463VdQgwaQ5w1zWKP";"Legendary";"Very Rare";;;"EWGwnXPlY1v4LJqekZ2R"
"Chromite Greaves";"Greaves";60;"lrx463VdQgy4Y5w1zWKP";"Epic";"Unremarkable";;;
"Copper Shield";"Shield";30;"mK5jqPopYG1DQrOzDRGV";"Standard";"Unremarkable";;;
"Moonshadow Recipe";"Recipe";502;"mK5jqPopYG2KNrOzDRGV";"Legendary";"Very Rare";;;"B2WEpv54NmMKNj1xJrXk"
"Improved Felling axe Recipe";"Recipe";10;"mK5jqPopYG38YrOzDRGV";"Refined";"Somewhat Rare";;;"BRn3x72JQ2v7QzOMok41"
"Riverbend Essence Crystal";"Essence Crystal";231;"mK5jqPopYG6ONrOzDRGV";"Legendary";"Very Rare";;;
"Quickstep Potion Recipe";"Recipe";35;"mK5jqPopYGKOYrOzDRGV";"Premium";"Somewhat Rare";;;"93R0qXalLlbjNAbn8DBg"
"Cursed Cloth";"Crafting Material";5;"mK5jqPopYGM2QrOzDRGV";"Standard";"Extremely Common";;;
"Rivertamer";"Fishing Rod";6;"mK5jqPopYGWDYrOzDRGV";"Refined";"Unremarkable";;;
"Celestial Radiance Recipe";"Recipe";502;"mK5jqPopYGgeYrOzDRGV";"Legendary";"Very Rare";;;"j98bO5w1QP1nN3xkREVJ"
"Soulward Barrier";"Shield";351;"mK5jqPopYGq7QrOzDRGV";"Legendary";"Very Rare";;;
"Wrex Egg";"Pet Egg";251;"njoPWKDkLX1VQ06ZOX79";"Premium";"Very Rare";;;
"Veinseeker Recipe";"Recipe";10;"njoPWKDkLX3VY06ZOX79";"Refined";"Somewhat Rare";;;"P1vlVrzjLrM9Yao8mGKM"
"Frozen Carrot";"Campaign Item";1;"njoPWKDkLX5XQ06ZOX79";"Standard";"Unremarkable";;;
"Galeforce Speed Elixir Recipe";"Recipe";10;"njoPWKDkLXBxN06ZOX79";"Refined";"Unremarkable";;;"BRn3x72JQ2rDQzOMok41"
"Stormguard Plate";"Chestplate";251;"njoPWKDkLXJBN06ZOX79";"Legendary";"Very Rare";;;
"Iron Gauntlets";"Gauntlets";35;"njoPWKDkLXZqN06ZOX79";"Refined";"Unremarkable";;;
"Enigmatic Stone";"Crafting Material";25;"njoPWKDkLXeAQ06ZOX79";"Premium";"Extremely Common";;;
"Lunar Stone";"Campaign Item";1;"njoPWKDkLXrXN06ZOX79";"Standard";"Extremely Common";;;
"Ironclad Essence";"Essence Crystal";150;"njoPWKDkLXwxY06ZOX79";"Epic";"Unremarkable";;;
"Tin Chestplate";"Chestplate";18;"oZwey82VNA40QD0dXM3g";"Standard";"Extremely Common";;;
"Mystic Boots";"Boots";90;"oZwey82VNA50ND0dXM3g";"Epic";"Very Rare";;;
"Tin Ore";"Ore";1;"oZwey82VNA6YD0dXM3gO";"Standard";"Extremely Common";;;
"Thunderstrike Recipe";"Recipe";802;"oZwey82VNA9PND0dXM3g";"Legendary";"Extremely Rare";;;"jGXBy7a4LbmKY0Pw6Vdg"
"Attack Power Potion";"Potion";65;"oZwey82VNAA6ND0dXM3g";"Premium";"Extremely Common";;;
"Emberfoot Greaves Recipe";"Recipe";502;"oZwey82VNAEMND0dXM3g";"Legendary";"Very Rare";;;"3yE1A84kYORaNl6XeVKp"
"Venom Extract";"Crafting Material";35;"oZwey82VNAKnLD0dXM3g";"Epic";"Extremely Common";;;
"Silvan Splitter";"Felling Axe";150;"oZwey82VNAO0LD0dXM3g";"Epic";"Extremely Rare";;;
"Ashenfire Ward Recipe";"Recipe";802;"oZwey82VNAX2QD0dXM3g";"Legendary";"Extremely Rare";;;"ZjlPA8v9NM0ZQEyMe2Oa"
"Viper Recipe";"Recipe";502;"oZwey82VNAdPQD0dXM3g";"Legendary";"Very Rare";;;"3yE1A84kYOoWYl6XeVKp"
"Flameguard Gauntlets Recipe";"Recipe";802;"oZwey82VNAqMND0dXM3g";"Legendary";"Extremely Rare";;;"93R0qXalLl0mLAbn8DBg"
"Cooked Trout";"Food";6;"oZwey82VNAw6LD0dXM3g";"Refined";"Extremely Common";;;
"Aquarion Egg";"Pet Egg";251;"oaJydnOmQW1pYbgRe5ME";"Refined";"Somewhat Rare";;;
"Stingray";"Fish";23;"oaJydnOmQW2LbgRe5ME6";"Epic";"Extremely Common";;;
"Mercury Boots";"Boots";50;"oaJydnOmQW8zNbgRe5ME";"Premium";"Unremarkable";;;
"Leafblade";"Felling Axe";25;"oaJydnOmQW9zYbgRe5ME";"Premium";"Unremarkable";;;
"Shadow Shot Recipe";"Recipe";351;"oaJydnOmQWEaYbgRe5ME";"Legendary";"Somewhat Rare";;;"O2xMjGdBN52xY9P1nyrv"
"Whisperwind Sword Recipe";"Recipe";652;"oaJydnOmQWRaLbgRe5ME";"Legendary";"Extremely Rare";;;"y7Do6jgkY00bY8BAdKX0"
"Protection Potion";"Potion";50;"oaJydnOmQWW2QbgRe5ME";"Premium";"Somewhat Rare";;;
"Soulgrasp Recipe";"Recipe";652;"oaJydnOmQWddNbgRe5ME";"Legendary";"Extremely Rare";;;"oZwey82VNAedND0dXM3g"
"Vial of Spectre Ectoplasm";"Crafting Material";50;"oaJydnOmQWlZNbgRe5ME";"Legendary";"Extremely Common";;;
"Frostbite Legguards Recipe";"Recipe";351;"oaJydnOmQWodQbgRe5ME";"Legendary";"Somewhat Rare";;;"O2xMjGdBN5bqY9P1nyrv"
"Thunderstrike Barrier Recipe";"Recipe";652;"oaJydnOmQWx9NbgRe5ME";"Legendary";"Extremely Rare";;;"Ro31P7kZL6vOLveGxXOy"
;;;"q9pwa0kxLB2lLgVj136l";;;;;
"Mercury Chestplate";"Chestplate";50;"q9pwa0kxLB5lYgVj136l";"Premium";"Unremarkable";;;
"Frostguard Visage";"Helmet";351;"q9pwa0kxLBAvYgVj136l";"Legendary";"Very Rare";;;
"Leafy Egg";"Pet Egg";251;"q9pwa0kxLBDRNgVj136l";"Standard";"Somewhat Rare";;;
"Stormbreaker Treads Recipe";"Recipe";752;"q9pwa0kxLBE8YgVj136l";"Legendary";"Extremely Rare";;;"yav4OK1wNE1rNZP7rzJb"
"Mercury Ore";"Ore";9;"q9pwa0kxLBJLgVj136l4";"Premium";"Extremely Common";;;
"Siren's Scales";"Crafting Material";15;"q9pwa0kxLBVpLgVj136l";"Refined";"Extremely Common";;;
"Hydra's Coil Recipe";"Recipe";35;"q9pwa0kxLBZRLgVj136l";"Premium";"Very Rare";;;"7eA59WrBQR9yLzb62qKv"
"Sunseeker Recipe";"Recipe";752;"q9pwa0kxLBdVNgVj136l";"Legendary";"Extremely Rare";;;"yav4OK1wNEXRQZP7rzJb"
"Steel Helmet";"Helmet";45;"q9pwa0kxLBmlYgVj136l";"Premium";"Unremarkable";;;
"Merfolk Essence Crystal";"Essence Crystal";90;"q9pwa0kxLBoJQgVj136l";"Premium";"Somewhat Rare";;;
;;;"q9pwa0kxLBz6LgVj136l";;;;;
"Vial of Wraith Ectoplasm";"Crafting Material";15;"y7Do6jgkY01jL8BAdKX0";"Premium";"Extremely Common";;;
"Dragonfire Grasp Recipe";"Recipe";301;"y7Do6jgkY07BN8BAdKX0";"Legendary";"Somewhat Rare";;;"jGXBy7a4LbDDN0Pw6Vdg"
"Celestial Striders";"Greaves";451;"y7Do6jgkY0BDQ8BAdKX0";"Legendary";"Very Rare";;;
"Stormguard Shield Recipe";"Recipe";301;"y7Do6jgkY0EKL8BAdKX0";"Legendary";"Very Rare";;;"Rv5g4z1dQndWYqy32jpG"
"Serpent's Arrow";"Bow";451;"y7Do6jgkY0G0N8BAdKX0";"Legendary";"Very Rare";;;
"Mystical Bow";"Bow";90;"y7Do6jgkY0OqN8BAdKX0";"Epic";"Extremely Common";;;
"Parchment";"Crafting Material";25;"y7Do6jgkY0VjQ8BAdKX0";"Premium";"Extremely Common";;;
;;;"y7Do6jgkY0WbN8BAdKX0";;;;;
"Uranium Greaves";"Greaves";70;"y7Do6jgkY0XqY8BAdKX0";"Epic";"Somewhat Rare";;;
"Corestrike";"Pickaxe";150;"y7Do6jgkY0ZqQ8BAdKX0";"Epic";"Extremely Rare";;;
"Deepsea Essence Crystal";"Essence Crystal";30;"y7Do6jgkY0qzL8BAdKX0";"Refined";"Unremarkable";;;
"Trout";"Fish";5;"y7Do6jgkY0zQ8BAdKX0E";"Refined";"Extremely Common";;;
"Soulrender Recipe";"Recipe";301;"y7Do6jgkY0zpQ8BAdKX0";"Legendary";"Very Rare";;;"bAB1E9poQqpgLnakeJj5"
"Cooked Salmon";"Food";4;"yav4OK1wNE05QZP7rzJb";"Standard";"Extremely Common";;;
"Thunderclap Recipe";"Recipe";602;"yav4OK1wNE4zQZP7rzJb";"Legendary";"Extremely Rare";;;"3Zbym56qLxMGQBRp7Eek"
"Turtle";"Fish";20;"yav4OK1wNE5NZP7rzJbe";"Epic";"Extremely Common";;;
"Titan's Embrace";"Gauntlets";451;"yav4OK1wNE6RYZP7rzJb";"Legendary";"Very Rare";;;
"Wildwood Chopper";"Felling Axe";10;"yav4OK1wNEKwLZP7rzJb";"Refined";"Somewhat Rare";;;
;;;"yav4OK1wNEOyLZP7rzJb";;;;;
"Swamp Juice";"Crafting Material";15;"yav4OK1wNER2YZP7rzJb";"Refined";"Extremely Common";;;
"Flavorburst Essence Crystal";"Essence Crystal";42;"yav4OK1wNEV5YZP7rzJb";"Refined";"Unremarkable";;;
"Celestial Aegis Recipe";"Recipe";602;"yav4OK1wNEaWNZP7rzJb";"Legendary";"Extremely Rare";;;"XyeZRGx9YjA8NB80gWlP"
"Bloodmoon Sword Recipe";"Recipe";602;"yav4OK1wNEmxNZP7rzJb";"Legendary";"Very Rare";;;"lrx463VdQgr7L5w1zWKP"
"Shadowstep Greaves Recipe";"Recipe";301;"yav4OK1wNEvzYZP7rzJb";"Legendary";"Very Rare";;;"27gw0k38L4drLWevJxyK"
"Steel Boots";"Boots";45;"yav4OK1wNExwQZP7rzJb";"Premium";"Unremarkable";;;
"Stormcaster Recipe";"Recipe";301;"yav4OK1wNEzxYZP7rzJb";"Legendary";"Very Rare";;;"27gw0k38L412QWevJxyK"
;;;"zvjoJW96Y80OY3RaAylw";;;;;
"Mercury Helmet";"Helmet";50;"zvjoJW96Y81KL3RaAylw";"Premium";"Unremarkable";;;
"Chromite Ore";"Ore";11;"zvjoJW96Y85L3RaAylwE";"Epic";"Extremely Common";;;
"Lumi Egg";"Pet Egg";251;"zvjoJW96Y89XL3RaAylw";"Premium";"Very Rare";;;
;;;"zvjoJW96Y8EoL3RaAylw";;;;;
"Ocean's Whisper Recipe";"Recipe";100;"zvjoJW96Y8JXQ3RaAylw";"Epic";"Extremely Rare";;;"ElzPeorXNV9pQaW0kv53"
"Molten Core Essence Crystal";"Essence Crystal";100;"zvjoJW96Y8O5N3RaAylw";"Epic";"Unremarkable";;;
"Cooked Sardines";"Food";10;"zvjoJW96Y8W5N3RaAylw";"Premium";"Extremely Common";;;
"Voidwalker Striders Recipe";"Recipe";802;"zvjoJW96Y8dOY3RaAylw";"Legendary";"Extremely Rare";;;"oaJydnOmQWmkYbgRe5ME"
"Siren's Soulstone";"Crafting Material";25;"zvjoJW96Y8mWL3RaAylw";"Premium";"Extremely Common";;;
"Sentinel's Gaze";"Helmet";401;"zvjoJW96Y8w3N3RaAylw";"Legendary";"Very Rare";;;
"Chromite Chestplate";"Chestplate";60;"zvjoJW96Y8xKY3RaAylw";"Epic";"Unremarkable";;;
